Date,SPY
2001-01-02,
2001-01-03,0.048035690567011846
2001-01-04,-0.01076468815284537
2001-01-05,-0.03264268600363707
2001-01-08,0.007740228276577055
2001-01-09,-0.002640192001848063
2001-01-10,0.017569183089406026
2001-01-11,0.000946405523915006
2001-01-12,-0.0018905658386751956
2001-01-16,0.006392323442985903
2001-01-17,0.004587152634862202
2001-01-18,0.009952299278083387
2001-01-19,-0.0056807677770502885
2001-01-22,0.006645018286162374
2001-01-23,0.007876191619402118
2001-01-24,0.0029874926382715827
2001-01-25,-0.0025199614752120514
2001-01-26,-0.001148636768865674
2001-01-29,0.005335580042701293
2001-01-30,0.008784957995453091
2001-01-31,-0.0056609851336513195
2001-02-01,0.006641599745479176
2001-02-02,-0.02269249137387097
2001-02-05,0.007343769482865747
2001-02-06,-0.0029453742832107332
2001-02-07,-0.005170120963654656
2001-02-08,-0.011656483208162483
2001-02-09,-0.009615521253392934
2001-02-12,0.01145388870529529
2001-02-13,-0.008174475307021756
2001-02-14,-0.0015127212064381945
2001-02-15,0.009692981087565
2001-02-16,-0.022049077670166062
2001-02-20,-0.015413766814108998
2001-02-21,-0.021574615767291916
2001-02-22,0.0015120147817573315
2001-02-23,-0.006756060476624803
2001-02-26,0.021286863694725433
2001-02-27,-0.009246105316645048
2001-02-28,-0.01969348223792955
2001-03-01,0.005244469908625371
2001-03-02,-0.007946007646331688
2001-03-05,0.009142219263735152
2001-03-06,0.010742228155568245
2001-03-07,0.007138475452835857
2001-03-08,0.001102033875917785
2001-03-09,-0.02957770909101254
2001-03-12,-0.04280191860801297
2001-03-13,0.016429424413515026
2001-03-14,-0.01974681780471288
2001-03-15,0.0002553165602745544
2001-03-16,-0.020057046074872464
2001-03-19,0.020346051404730225
2001-03-20,-0.02684308996844975
2001-03-21,-0.016987673432778405
2001-03-22,-0.010155537917351465
2001-03-23,0.03023805746612962
2001-03-26,0.012753338226876743
2001-03-27,0.020441655340018183
2001-03-28,-0.027639345467797338
2001-03-29,0.003825165893851512
2001-03-30,0.010477665022105453
2001-04-02,-0.02133861517625002
2001-04-03,-0.03336220679077628
2001-04-04,0.0041664494089628246
2001-04-05,0.03788968247825353
2001-04-06,-0.015211279138884315
2001-04-09,0.011120903969183304
2001-04-10,0.018243676636952033
2001-04-11,0.0006859700429187043
2001-04-12,0.018161781661258702
2001-04-16,-0.010517460938546663
2001-04-17,0.014115695507333381
2001-04-18,0.039745078529415556
2001-04-19,0.013306321881408012
2001-04-20,-0.00915239477031693
2001-04-23,-0.018152462461952346
2001-04-24,-0.005399692665092215
2001-04-25,0.013077890233212486
2001-04-26,0.004465949041000394
2001-04-27,0.016649926800113457
2001-04-30,0.00699642359158914
2001-05-01,0.0030789043111869585
2001-05-02,-0.0018099117828794808
2001-05-03,-0.01269548137132237
2001-05-04,0.017011987788597915
2001-05-07,-0.008638646050955212
2001-05-08,-0.000475180255803509
2001-05-09,-0.004200373410967795
2001-05-10,0.0029441330080586248
2001-05-11,-0.006903098966413612
2001-05-14,0.001997833847666497
2001-05-15,0.004624655996830818
2001-05-16,0.02357550395618091
2001-05-17,0.0015508325870536854
2001-05-18,0.004568439692688164
2001-05-21,0.014721742242481906
2001-05-22,-0.0012916565159375448
2001-05-23,-0.016960031615270488
2001-05-24,0.002939388408995658
2001-05-25,-0.01180253800777653
2001-05-29,-0.007962459501509977
2001-05-30,-0.014007518586545031
2001-05-31,0.0051882292725689005
2001-06-01,0.006192614772363436
2001-06-04,0.00481383784948286
2001-06-05,0.011465098101534288
2001-06-06,-0.008307484787788422
2001-06-07,0.003601398111272136
2001-06-08,-0.009282920019602958
2001-06-11,-0.007087034816651627
2001-06-12,-0.0017444528144382465
2001-06-13,-0.008579614451928896
2001-06-14,-0.022435661965598097
2001-06-15,0.0016107134259804035
2001-06-18,-0.0048420704618163946
2001-06-19,0.00437134959156138
2001-06-20,0.005254626748635749
2001-06-21,0.011353276365824172
2001-06-22,-0.007833817394539144
2001-06-25,-0.009198480675943532
2001-06-26,-0.001396809870934157
2001-06-27,-0.0005755150011464982
2001-06-28,0.00551581555554681
2001-06-29,0.003683524883167033
2001-07-02,0.012479878493958374
2001-07-03,-0.00024210179106098906
2001-07-05,-0.019500479444799934
2001-07-06,-0.021613503513458476
2001-07-09,0.005459910332099804
2001-07-10,-0.012030342835440244
2001-07-11,0.0010149557277872034
2001-07-12,0.023736936597346325
2001-07-13,0.008663505347086042
2001-07-16,-0.012516245093143752
2001-07-17,0.009361161271199236
2001-07-18,-0.006811753552265154
2001-07-19,0.00875957047586473
2001-07-20,-0.005980352709666903
2001-07-23,-0.019696171456193623
2001-07-24,-0.009668194253984352
2001-07-25,0.011035390372522436
2001-07-26,0.01049550198521132
2001-07-27,0.0038222524188018525
2001-07-30,0.00033157426063312734
2001-07-31,0.0041369091558625115
2001-08-01,0.006262693447949275
2001-08-02,0.004094911672372525
2001-08-03,-0.005464197835391094
2001-08-06,-0.013449792335567978
2001-08-07,0.0039070118237283236
2001-08-08,-0.018547818916550884
2001-08-09,0.002953014407911958
2001-08-10,0.0034483950781043493
2001-08-13,0.0002518244212232901
2001-08-14,-0.0004188652657760583
2001-08-15,-0.008635495296465567
2001-08-16,0.0034671601269997687
2001-08-17,-0.016013826781269058
2001-08-20,0.009250593351892933
2001-08-21,-0.017057902129931857
2001-08-22,0.010360376950905525
2001-08-23,-0.003588708434616783
2001-08-24,0.020754481977033556
2001-08-27,-0.0059654754676440325
2001-08-28,-0.014622881477382998
2001-08-29,-0.008920683711804545
2001-08-30,-0.01921379292034886
2001-08-31,0.007324210127618969
2001-09-04,-0.006395388811822333
2001-09-05,0.0024686571295455817
2001-09-06,-0.025769543728066946
2001-09-07,-0.018505862089928993
2001-09-10,0.012232234571112333
2001-09-17,-0.05224816985122105
2001-09-18,-0.0023975321812602646
2001-09-19,-0.02018276505620198
2001-09-20,-0.031779953106640946
2001-09-21,-0.01078934496193451
2001-09-24,0.03515641274107262
2001-09-25,0.010427058071661
2001-09-26,-0.0035382535683471383
2001-09-27,0.008679827854005673
2001-09-28,0.021217988704532287
2001-10-01,-0.0016272038862694682
2001-10-02,0.012563263393933433
2001-10-03,0.01676422913513953
2001-10-04,0.0008388087203634598
2001-10-05,-0.001954654070007056
2001-10-08,-0.0065279401001907544
2001-10-09,-0.005350617991447426
2001-10-10,0.022271653447056172
2001-10-11,0.015510208220048893
2001-10-12,-0.004545335168411713
2001-10-15,-0.0018268501068233745
2001-10-16,0.006313113937278736
2001-10-17,-0.021274598248861687
2001-10-18,-0.0021366992963907094
2001-10-19,-0.0006516729290908518
2001-10-22,0.01974920253121626
2001-10-23,-0.005116078214983277
2001-10-24,-0.0026634309581238247
2001-10-25,0.017952837355213136
2001-10-26,-0.00226046660167889
2001-10-29,-0.026015467504066025
2001-10-30,-0.012005919857063119
2001-10-31,-0.0033905970754638526
2001-11-01,0.025614833983005347
2001-11-02,0.006819042183272783
2001-11-05,0.013089296430511821
2001-11-06,0.015540046799507934
2001-11-07,-0.0013340705539690578
2001-11-08,0.0031176276719844243
2001-11-09,0.0010659120396747657
2001-11-12,-0.00612114439283773
2001-11-13,0.02249355696605293
2001-11-14,0.0009606440254257276
2001-11-15,0.001831155547855845
2001-11-16,-0.004439616846101169
2001-11-19,0.012329154928342412
2001-11-20,-0.008378255698535786
2001-11-21,-0.006620329386993751
2001-11-23,0.01438093417660724
2001-11-26,0.0021609224724172815
2001-11-27,-0.004312937804273553
2001-11-28,-0.01810615840010954
2001-11-29,0.013499170606492195
2001-11-30,-0.007137993517660535
2001-12-03,-0.005962255516593573
2001-12-04,0.016935590443312165
2001-12-05,0.018301367446018624
2001-12-06,-0.0005108605142344347
2001-12-07,-0.006647328010981002
2001-12-10,-0.018702944605625715
2001-12-11,-0.0020109779272524664
2001-12-12,0.0011383435088798688
2001-12-13,-0.019425207810488287
2001-12-14,0.00954813681419342
2001-12-17,0.010342423139879209
2001-12-18,0.005949110928500367
2001-12-19,0.007044573479425109
2001-12-20,-0.00984543565042395
2001-12-21,0.006065582509998002
2001-12-24,-0.0019140413885835317
2001-12-26,0.005490894445582706
2001-12-27,0.006068639378380647
2001-12-28,-0.0005178573130892872
2001-12-31,-0.014654791621092178
2002-01-02,0.010761124559321988
2002-01-03,0.011338552416901626
2002-01-04,0.006676110922798406
2002-01-07,-0.007056446718744724
2002-01-08,-0.002311820415712096
2002-01-09,-0.008153258178987599
2002-01-10,0.0044129383741993156
2002-01-11,-0.009820484402482732
2002-01-14,-0.006263871513109254
2002-01-15,0.008141720599871727
2002-01-16,-0.020234553114358844
2002-01-17,0.007534348774442368
2002-01-18,-0.004574300460978065
2002-01-22,-0.006894032675290318
2002-01-23,0.007653241098057206
2002-01-24,0.003091083579243703
2002-01-25,-0.0002640587452674703
2002-01-28,0.0027304452980048133
2002-01-29,-0.03144224775349824
2002-01-30,0.014417780012049963
2002-01-31,0.01171003970485529
2002-02-01,-0.004683240591420779
2002-02-04,-0.024855569955847256
2002-02-05,-0.006190009777347627
2002-02-06,-0.004305377079021566
2002-02-07,-0.006255606372560396
2002-02-08,0.019162606265116677
2002-02-11,0.012263016575210228
2002-02-12,-0.0031408404483798114
2002-02-13,0.010621968710674112
2002-02-14,-0.001870085237866248
2002-02-15,-0.010440948451353571
2002-02-19,-0.019208437542377443
2002-02-20,0.016826030637173695
2002-02-21,-0.020707010453873242
2002-02-22,0.012373203961947521
2002-02-25,0.01650846609428136
2002-02-26,-0.0020639236710109365
2002-02-27,0.00386661566516322
2002-02-28,-0.00447900732368578
2002-03-01,0.023302079867004277
2002-03-04,0.017671968131590443
2002-03-05,-0.003196560898848122
2002-03-06,0.011873998419123621
2002-03-07,-0.0021415229125933966
2002-03-08,0.0042061519963980665
2002-03-11,0.002137231473242629
2002-03-12,-0.0005976802901580536
2002-03-13,-0.00964363754365094
2002-03-14,-0.001378730841761877
2002-03-15,0.009528101884409779
2002-03-18,0.00017125554927988063
2002-03-19,0.006685753713646658
2002-03-20,-0.018816353920976914
2002-03-21,0.00043389190954745693
2002-03-22,-0.0021687244356604074
2002-03-25,-0.012430163982841469
2002-03-26,0.005809127850828322
2002-03-27,0.002625347114407317
2002-03-28,-0.0004363258341341103
2002-04-01,0.00043651629747176734
2002-04-02,-0.005498699512938576
2002-04-03,-0.007021062563002278
2002-04-04,-0.004154286429666532
2002-04-05,0.00017741030856011086
2002-04-08,0.0021298093087993575
2002-04-09,-0.006995932843918862
2002-04-10,0.011325626846290682
2002-04-11,-0.024866275451910336
2002-04-12,0.00750631918005773
2002-04-15,-0.007629475312404543
2002-04-16,0.02378579789351254
2002-04-17,-0.0021197952597195036
2002-04-18,-0.004337861732206294
2002-04-19,0.0036451192329165494
2002-04-22,-0.016654903348825356
2002-04-23,-0.004324259854438073
2002-04-24,-0.010043562426508168
2002-04-25,0.0005489570358445661
2002-04-26,-0.01900063578191913
2002-04-29,-0.004935119134478416
2002-04-30,0.009357245282051174
2002-05-01,0.012238840344058755
2002-05-02,-0.0038475320750813724
2002-05-03,-0.01084951589475347
2002-05-06,-0.019613105808882203
2002-05-07,-0.003508114440789245
2002-05-08,0.037202699075559176
2002-05-09,-0.011558207065925474
2002-05-10,-0.018840546043236484
2002-05-13,0.020337216984773532
2002-05-14,0.021785565389963013
2002-05-15,-0.003901098132324754
2002-05-16,0.0051915810983573785
2002-05-17,0.0048924909642362735
2002-05-20,-0.01082039807897417
2002-05-21,-0.00911575934057951
2002-05-22,0.002208096718412378
2002-05-23,0.010648100557880458
2002-05-24,-0.012806330447652114
2002-05-28,-0.005428466526148146
2002-05-29,-0.007400258918527358
2002-05-30,-0.0027961044916774425
2002-05-31,0.0020557012782886908
2002-06-03,-0.026580780641567325
2002-06-04,0.002491222809862359
2002-06-05,0.00936597896124125
2002-06-06,-0.020356940067609353
2002-06-07,-0.001160595478814419
2002-06-10,0.0038703916986548847
2002-06-11,-0.01715704520273864
2002-06-12,0.00607997192767229
2002-06-13,-0.010040362207503484
2002-06-14,-0.0014778554729540927
2002-06-17,0.026825029253394472
2002-06-18,0.008163136026024365
2002-06-19,-0.023340125693508407
2002-06-20,-0.01277808801479452
2002-06-21,-0.015635907839321228
2002-06-24,0.005238079531981965
2002-06-25,-0.022445073604366983
2002-06-26,0.0016399868650798233
2002-06-27,0.01749896825616215
2002-06-28,-0.004726015239334913
2002-07-01,-0.019503845693708777
2002-07-02,-0.021230084155958062
2002-07-03,0.005685536175711325
2002-07-05,0.039786518668786464
2002-07-08,-0.012485706796672602
2002-07-09,-0.025186007808262745
2002-07-10,-0.0364023134127327
2002-07-11,0.008142183108329037
2002-07-12,-0.010983536120097614
2002-07-15,0.005334958259484157
2002-07-16,-0.019276643703391327
2002-07-17,0.001987751456596687
2002-07-18,-0.03240072312102815
2002-07-19,-0.03519353014983195
2002-07-22,-0.029630187836668598
2002-07-23,-0.027372928302333954
2002-07-24,0.05966275423290868
2002-07-25,-0.008498326239476217
2002-07-26,0.01904748300740433
2002-07-29,0.04871491351058621
2002-07-30,0.01303326546031558
2002-07-31,0.0024192720215370223
2002-08-01,-0.02610789892031573
2002-08-02,-0.022414971747350076
2002-08-05,-0.034796591849617364
2002-08-06,0.03366333462009119
2002-08-07,0.01743841685957781
2002-08-08,0.032349725940068685
2002-08-09,0.0037384699639853025
2002-08-12,-0.0073390873169517645
2002-08-13,-0.018208086170387272
2002-08-14,0.03652903391422235
2002-08-15,0.013879795605420409
2002-08-16,-0.0029940456661186055
2002-08-19,0.023384908652185343
2002-08-20,-0.01058687077839282
2002-08-21,0.014407952355600218
2002-08-22,0.009713328112149311
2002-08-23,-0.021514615900563583
2002-08-26,0.006976705534928351
2002-08-27,-0.01154674283046564
2002-08-28,-0.021877856174358445
2002-08-29,0.00043460746096246616
2002-08-30,-0.003907137815470696
2002-09-03,-0.03813510038999879
2002-09-04,0.014272887780127919
2002-09-05,-0.008487821184619437
2002-09-06,0.013741442847837293
2002-09-09,0.007334147129398616
2002-09-10,0.011471251264077775
2002-09-11,-0.006216431572456882
2002-09-12,-0.01843509982609015
2002-09-13,0.0024593725127670663
2002-09-16,0.0024542616668887796
2002-09-17,-0.022917628743370222
2002-09-18,-0.01001920931694944
2002-09-19,-0.025877096858749837
2002-09-20,0.0003319630292140108
2002-09-23,-0.008179332535547035
2002-09-24,-0.0161368963056443
2002-09-25,0.024783612631204432
2002-09-26,0.01636110670454416
2002-09-27,-0.03476059799314957
2002-09-30,-0.011601063034341164
2002-10-01,0.048049802800364416
2002-10-02,-0.029981134709923363
2002-10-03,-0.01010215739525111
2002-10-04,-0.018345805577683616
2002-10-07,-0.02066814590705135
2002-10-08,0.01567048916644409
2002-10-09,-0.028244730310507116
2002-10-10,0.03239481560592283
2002-10-11,0.043780011889813286
2002-10-14,0.005584314947280511
2002-10-15,0.048091849328165015
2002-10-16,-0.024238421342187122
2002-10-17,0.019872589760881354
2002-10-18,0.004191563036969548
2002-10-21,0.017261533916743677
2002-10-22,-0.007209071827597224
2002-10-23,0.0075962590047982115
2002-10-24,-0.020399779709387
2002-10-25,0.020824596898656456
2002-10-28,-0.0065415247935884935
2002-10-29,-0.011605687415914612
2002-10-30,0.009709583485861817
2002-10-31,-0.010175170024273594
2002-11-01,0.019769353005832713
2002-11-04,0.009526794418936557
2002-11-05,0.007901074974429934
2002-11-06,0.012955272718862876
2002-11-07,-0.02450525615431587
2002-11-08,-0.01223003032740988
2002-11-11,-0.015504452961908055
2002-11-12,0.00793091661400247
2002-11-13,0.0010119653877278534
2002-11-14,0.018865615504243705
2002-11-15,0.007384765170758589
2002-11-18,-0.010066394463679407
2002-11-19,-0.0013257969414450788
2002-11-20,0.022244361920199962
2002-11-21,0.018621113747818052
2002-11-22,-0.00712073695437343
2002-11-25,0.0006417839995294106
2002-11-26,-0.019040998166527268
2002-11-27,0.028134486439951534
2002-11-29,-0.003181648360605749
2002-12-02,0.0015953695713057936
2002-12-03,-0.013384947308823225
2002-12-04,-0.004522579506298863
2002-12-05,-0.011032760816354847
2002-12-06,0.00656228942577064
2002-12-09,-0.027491532199126922
2002-12-10,0.013408331997030176
2002-12-11,0.0008818715165166413
2002-12-12,-0.00011045280919930178
2002-12-13,-0.015753775566345496
2002-12-16,0.025856096872450607
2002-12-17,-0.008728912298106795
2002-12-18,-0.01155745702394717
2002-12-19,-0.0071266639874811855
2002-12-20,0.014269113095757513
2002-12-23,0.00033321826967913637
2002-12-24,-0.007442778207017775
2002-12-26,0.00044727687028078833
2002-12-27,-0.022485642772125725
2002-12-30,0.008354594195851606
2002-12-31,0.0013615786017902032
2003-01-02,0.03218905995648447
2003-01-03,0.003073798424252372
2003-01-06,0.017625019630718164
2003-01-07,-0.002474062250598541
2003-01-08,-0.014451037693118063
2003-01-09,0.015538095015672937
2003-01-10,0.0026941508497344557
2003-01-13,-0.00032304355097723114
2003-01-14,0.0032251222032975146
2003-01-15,-0.009964489573458968
2003-01-16,-0.004112959555200635
2003-01-17,-0.014779023525075652
2003-01-21,-0.015553141682303484
2003-01-22,-0.012100707266584965
2003-01-23,0.006124729627751124
2003-01-24,-0.026265133629013504
2003-01-27,-0.01366091380743839
2003-01-28,0.0073948445774758564
2003-01-29,0.007572860693460859
2003-01-30,-0.023704926395524795
2003-01-31,0.0193059383126557
2003-02-03,0.0019748734856241956
2003-02-04,-0.009857349864720422
2003-02-05,-0.006207389777167616
2003-02-06,-0.004714054686043245
2003-02-07,-0.01219683086943324
2003-02-10,0.00707307252894851
2003-02-11,-0.00690392846640453
2003-02-12,-0.015942169559540975
2003-02-13,0.0030455348868192456
2003-02-14,0.021857915726144705
2003-02-18,0.017587557681448374
2003-02-19,-0.005254961037575612
2003-02-20,-0.009978855915139917
2003-02-21,0.01007943716632842
2003-02-24,-0.016200543100097664
2003-02-25,0.00799472245182109
2003-02-26,-0.014561607641412566
2003-02-27,0.013215673405416295
2003-02-28,0.00663863488466232
2003-03-03,-0.009540016188666955
2003-03-04,-0.015935353061558022
2003-03-05,0.008458754355758158
2003-03-06,-0.008387803982287778
2003-03-07,0.00688847362570888
2003-03-10,-0.024004416266111606
2003-03-11,-0.009836940746854927
2003-03-12,0.006706111443651741
2003-03-13,0.034542309594094656
2003-03-14,0.0032194404009711075
2003-03-17,0.0314986420779062
2003-03-18,0.005877221594621007
2003-03-19,0.00767615700306945
2003-03-20,0.0021595527355922073
2003-03-21,0.02134466103483379
2003-03-24,-0.0332327765540692
2003-03-25,0.009574402671182813
2003-03-26,-0.0050273397080672355
2003-03-27,0.0008038148051408012
2003-03-28,-0.0050488841087464875
2003-03-31,-0.022720089750673522
2003-04-01,0.015341922976759292
2003-04-02,0.024174310605149074
2003-04-03,-0.00476610328599969
2003-04-04,0.005929668050841164
2003-04-07,-0.0019271130681417503
2003-04-08,0.0015898531298408347
2003-04-09,-0.013152820093926376
2003-04-10,0.005515142937633666
2003-04-11,-0.004114019609287145
2003-04-14,0.020653935790095224
2003-04-15,0.009330681867355972
2003-04-16,-0.017041751495412205
2003-04-17,0.014844660018374478
2003-04-21,0.0010047840222280335
2003-04-22,0.018851397258021096
2003-04-23,0.009196164387025307
2003-04-24,-0.008895293017900152
2003-04-25,-0.012368898712801113
2003-04-28,0.017289301943060442
2003-04-29,0.003486137887465768
2003-04-30,-0.002171108553844836
2003-05-01,-0.00010907716844810178
2003-05-02,0.014254749055164329
2003-05-05,-0.001930625014820997
2003-05-06,0.009458526650698795
2003-05-07,-0.005537245323076201
2003-05-08,-0.01006479135275995
2003-05-09,0.013845124910437656
2003-05-12,0.01226931910496254
2003-05-13,-0.0017920872662595677
2003-05-14,-0.0021113841339778228
2003-05-15,0.006348541859402035
2003-05-16,-0.0025236421289541733
2003-05-19,-0.02340016794717159
2003-05-20,-0.002050688864145056
2003-05-21,0.0020549028304965855
2003-05-22,0.009929959451401293
2003-05-23,0.002030401168777063
2003-05-27,0.017491467152205953
2003-05-28,0.002830130834023281
2003-05-29,-0.0026133557536133223
2003-05-30,0.016034274972578588
2003-06-02,0.0041259847104742065
2003-06-03,0.004109270543821708
2003-06-04,0.014424328121783736
2003-06-05,0.004942063614453707
2003-06-06,-0.003914402841705189
2003-06-09,-0.010174997787865125
2003-06-10,0.010178088350503378
2003-06-11,0.010579121647794176
2003-06-12,0.003090809418072382
2003-06-13,-0.01043646717569291
2003-06-16,0.021092837186938995
2003-06-17,0.0
2003-06-18,-0.0008849609305754402
2003-06-19,-0.015260579844155742
2003-06-20,-0.002208036862343943
2003-06-23,-0.010256771072441384
2003-06-24,0.0010155466014261094
2003-06-25,-0.010048194243540087
2003-06-26,0.013021689827459548
2003-06-27,-0.011538701780475669
2003-06-30,-0.00030715396208380596
2003-07-01,0.009218164292981834
2003-07-02,0.012585212189897721
2003-07-03,-0.010323837072901854
2003-07-07,0.01985021675808163
2003-07-08,0.00446856733700951
2003-07-09,-0.005635142774415014
2003-07-10,-0.012726543286054492
2003-07-11,0.009466813076409286
2003-07-14,0.004888612017494021
2003-07-15,-0.0021842351778973423
2003-07-16,-0.005870255184445838
2003-07-17,-0.014211956183543206
2003-07-18,0.010254479439655961
2003-07-21,-0.012360589628844787
2003-07-22,0.009055852921000085
2003-07-23,0.000705506395380251
2003-07-24,-0.0075571812662477145
2003-07-25,0.01766680417937949
2003-07-28,-0.0036918707762900738
2003-07-29,-0.004606130831480093
2003-07-30,-0.0024146853841029436
2003-07-31,0.002319850586291805
2003-08-01,-0.008854384944096072
2003-08-04,0.0
2003-08-05,-0.021215685964525832
2003-08-06,0.00580749568992589
2003-08-07,0.010517480408964497
2003-08-08,0.0028574972806634236
2003-08-11,0.0037644127767950675
2003-08-12,0.009123326545817045
2003-08-13,-0.005123067087638766
2003-08-14,0.0027261024515090604
2003-08-15,0.0031220885482732275
2003-08-18,0.00863281168426111
2003-08-19,0.0037818098370545616
2003-08-20,-0.004065546538420284
2003-08-21,0.003186158525791294
2003-08-22,-0.00992394021692744
2003-08-25,0.0016039369552247607
2003-08-26,0.0018011760736547089
2003-08-27,0.0002996369296652812
2003-08-28,0.006191144522052827
2003-08-29,0.006748804224006255
2003-09-02,0.013407470090605278
2003-09-03,0.005447350811178531
2003-09-04,0.0004831672925988961
2003-09-05,-0.005609091880741768
2003-09-08,0.008266358973976429
2003-09-09,-0.006558846792620643
2003-09-10,-0.010096229956229719
2003-09-11,0.0029415452516488028
2003-09-12,0.0018579920365924263
2003-09-15,-0.0035141996216943028
2003-09-16,0.014595435670476054
2003-09-17,-0.001930809517248222
2003-09-18,0.011801307593965138
2003-09-19,-0.00508661580050862
2003-09-22,-0.010803735854577279
2003-09-23,0.00380318755595499
2003-09-24,-0.017777351391372487
2003-09-25,-0.008208795086883436
2003-09-26,-0.0032905366907944877
2003-09-29,0.009804698341388418
2003-09-30,-0.009709499626504803
2003-10-01,0.021310890160597618
2003-10-02,0.003624256420650118
2003-10-03,0.00917522739457044
2003-10-06,0.004545959984667558
2003-10-07,0.003851194602709329
2003-10-08,-0.002493983801264865
2003-10-09,0.0026923640392340076
2003-10-10,0.0027810601024957915
2003-10-13,0.003156427679841256
2003-10-14,0.003527046632353148
2003-10-15,-0.002660320932213245
2003-10-16,0.004000408895889596
2003-10-17,-0.010909759901588156
2003-10-20,0.007481507219494032
2003-10-21,-0.0017137231439919853
2003-10-22,-0.012588582477209065
2003-10-23,-0.0018346028437630224
2003-10-24,0.0022254651873099274
2003-10-27,0.0004824211910325893
2003-10-28,0.013606409667009434
2003-10-29,0.0013323569182257522
2003-10-30,0.002091641228381791
2003-10-31,-0.0009482922062529209
2003-11-03,0.006552538558945109
2003-11-04,-0.002169705889774387
2003-11-05,0.0007561166409810749
2003-11-06,0.005290677125943555
2003-11-07,-0.007424505503581202
2003-11-10,-0.00407186022610484
2003-11-11,-0.00028454334150973537
2003-11-12,0.011222016115792988
2003-11-13,0.0002817923693283486
2003-11-14,-0.008461839483468125
2003-11-17,-0.005025623786971911
2003-11-18,-0.010387679061817479
2003-11-19,0.008474304147309208
2003-11-20,-0.00897600685992106
2003-11-21,0.004143102478476157
2003-11-24,0.013242488127922503
2003-11-25,0.0037883161313079228
2003-11-26,0.0035859187911952972
2003-11-28,0.0007517802672645235
2003-12-01,0.010802733654455166
2003-12-02,-0.0025088884936415035
2003-12-03,-0.0015840672071659734
2003-12-04,0.0041057698696649325
2003-12-05,-0.006970270472963724
2003-12-08,0.006738558347257673
2003-12-09,-0.007716145883504222
2003-12-10,-9.328079961168356e-05
2003-12-11,0.011243012101058492
2003-12-12,0.0019457728061649249
2003-12-15,-0.004993576826857193
2003-12-16,0.005204461446538744
2003-12-17,0.0031433958394480044
2003-12-18,0.011244634258877895
2003-12-19,-0.002784041272694382
2003-12-22,0.006979217049872588
2003-12-23,0.0006382636203186021
2003-12-24,-0.0010025709586477527
2003-12-26,0.0007294251186091838
2003-12-29,0.013308949349311039
2003-12-30,0.00018037424546024639
2003-12-31,0.0008993247550099781
2004-01-02,-0.0004493101241199726
2004-01-05,0.01087842060159816
2004-01-06,0.0009778949821546146
2004-01-07,0.003376594975282643
2004-01-08,0.00398450401501349
2004-01-09,-0.008731546512874666
2004-01-12,0.007385460159188284
2004-01-13,-0.005830407070012367
2004-01-14,0.008351470603290334
2004-01-15,0.0024673903045357992
2004-01-16,0.003955142307849213
2004-01-20,-0.0002628862162683543
2004-01-21,0.007880789810490452
2004-01-22,-0.002605788839799228
2004-01-23,-0.00322368818595975
2004-01-26,0.012584304376486388
2004-01-27,-0.010270449978235452
2004-01-28,-0.011422737759342771
2004-01-29,0.000970483005366729
2004-01-30,0.0
2004-02-02,0.004317853831072194
2004-02-03,-0.0016671604079482316
2004-02-04,-0.008173197821628397
2004-02-05,0.002923535620704687
2004-02-06,0.011221137232982237
2004-02-09,0.00026228027985553126
2004-02-10,0.003232096540539464
2004-02-11,0.010622526422121137
2004-02-12,-0.0036182910439900295
2004-02-13,-0.004496692743764741
2004-02-17,0.009033308027566411
2004-02-18,-0.004390665253633741
2004-02-19,-0.0037172002657335224
2004-02-20,-0.003037356494830834
2004-02-23,-0.0025244143578361244
2004-02-24,-0.0017451248829225552
2004-02-25,0.004195561160964312
2004-02-26,0.0006098167149166667
2004-02-27,0.0006962651714625956
2004-03-01,0.009911043257323726
2004-03-02,-0.005854062503316992
2004-03-03,0.001818488612842728
2004-03-04,0.0025934952652624244
2004-03-05,0.003361888522995349
2004-03-08,-0.012201559050145638
2004-03-09,-0.004001050481236668
2004-03-10,-0.016768641238975923
2004-03-11,-0.012968888036378856
2004-03-12,0.013139290017493366
2004-03-15,-0.01225741293897964
2004-03-16,0.005305235495213001
2004-03-17,0.011181610355575522
2004-03-18,0.00026514404732758123
2004-03-19,-0.014333244703645831
2004-03-22,-0.012695259995119779
2004-03-23,-0.0017332822979735374
2004-03-24,0.0008226693343449387
2004-03-25,0.013235849968334046
2004-03-26,0.00027041848346542885
2004-03-29,0.01404958241774601
2004-03-30,0.0033757404415724057
2004-03-31,0.0011508367656669627
2004-04-01,0.006011951410956673
2004-04-02,0.0075586902078448315
2004-04-05,0.005494971648694724
2004-04-06,-0.0032095912176801633
2004-04-07,-0.0023499592399899294
2004-04-08,-0.0022679423642116836
2004-04-12,0.003934547238412245
2004-04-13,-0.014021670809512554
2004-04-14,0.0015898228616406662
2004-04-15,-0.0037925456275138547
2004-04-16,0.00770220420803347
2004-04-19,0.0
2004-04-20,-0.016779461859595446
2004-04-21,0.006700991051460159
2004-04-22,0.014023642647267076
2004-04-23,0.0009625581271233141
2004-04-26,-0.0013997240314542747
2004-04-27,0.0008767073370117284
2004-04-28,-0.012948311136807389
2004-04-29,-0.008775573412272086
2004-04-30,-0.007779825376466598
2004-05-03,0.010724708742500866
2004-05-04,-0.0008024249061551192
2004-05-05,0.00642537424392664
2004-05-06,-0.008601016971621411
2004-05-07,-0.016545791440887858
2004-05-10,-0.010276911978584602
2004-05-11,0.008454004845149354
2004-05-12,0.006377932299835853
2004-05-13,-0.004164534946402343
2004-05-14,0.0004544532029084891
2004-05-17,-0.008542823741087946
2004-05-18,0.005041873345969172
2004-05-19,-0.0034658315299036513
2004-05-20,0.003203080337626618
2004-05-21,0.0017330238248876029
2004-05-24,0.004189435298881161
2004-05-25,0.014328547952098258
2004-05-26,0.003486363103911261
2004-05-27,0.005613085174232202
2004-05-28,-8.871392982667814e-05
2004-06-01,-0.0013290973421614671
2004-06-02,0.003726384587829923
2004-06-03,-0.009192966942306424
2004-06-04,0.007939931684112667
2004-06-07,0.015224124101375303
2004-06-08,0.001395174733721971
2004-06-09,-0.009315932209557731
2004-06-10,0.004920850923838982
2004-06-14,-0.009881175646912266
2004-06-15,0.007065741200988462
2004-06-16,-0.00017493335009144406
2004-06-17,-0.0014914745613788805
2004-06-18,0.0018864209167965829
2004-06-21,-0.0037840633159518244
2004-06-22,0.0050355414910143725
2004-06-23,0.008613830480057594
2004-06-24,-0.0031371307198619913
2004-06-25,-0.004808321755280454
2004-06-28,-0.0034260270518348124
2004-06-29,0.004142530395566002
2004-06-30,0.005355329523550223
2004-07-01,-0.01388337235972481
2004-07-02,-0.0005308294930082003
2004-07-06,-0.00877043347307438
2004-07-07,0.0029492085186131334
2004-07-08,-0.006950664302030396
2004-07-09,0.0026023999408639753
2004-07-12,0.0004477968966127843
2004-07-13,0.0007152536228138828
2004-07-14,-0.0030391894240217043
2004-07-15,-0.006455779510804893
2004-07-16,-0.0008127580398353818
2004-07-19,-0.004245157153903167
2004-07-20,0.012699369821158824
2004-07-21,-0.018452153232880297
2004-07-22,0.002737512831928246
2004-07-23,-0.008372856376649862
2004-07-26,-0.001927236884756045
2004-07-27,0.0093795715469287
2004-07-28,0.0030061664873410887
2004-07-29,0.004268261824827979
2004-07-30,0.00244200370543024
2004-08-02,0.002075498088058181
2004-08-03,-0.007742764605575991
2004-08-04,-9.083608229276674e-05
2004-08-05,-0.016333915117753506
2004-08-06,-0.014298960318369192
2004-08-09,0.001404209995889305
2004-08-10,0.012896788799779513
2004-08-11,-0.0020300258023352447
2004-08-12,-0.0109095455720577
2004-08-13,0.001962906059213232
2004-08-16,0.010355995276223995
2004-08-17,0.0056323824327983996
2004-08-18,0.010283520083906872
2004-08-19,-0.002908390180559328
2004-08-20,0.007018225193486716
2004-08-23,-0.0025341920721035915
2004-08-24,0.0013611076820980728
2004-08-25,0.006796806335654049
2004-08-26,0.0
2004-08-27,0.003149880861242682
2004-08-30,-0.008254703543630004
2004-08-31,0.005247030159192256
2004-09-01,0.0018905629707293148
2004-09-02,0.011318581263059846
2004-09-03,-0.004085923812079062
2004-09-07,0.006600218884809994
2004-09-08,-0.0024811556356193476
2004-09-09,-0.0008885270958588487
2004-09-10,0.005156778915806015
2004-09-13,0.0032729754416032097
2004-09-14,0.0020273997528992282
2004-09-15,-0.00756693214815729
2004-09-16,0.0030141681217514815
2004-09-17,0.00425217482931739
2004-09-20,-0.006010046852889306
2004-09-21,0.004356619356579827
2004-09-22,-0.012482309449152185
2004-09-23,-0.005378921210785315
2004-09-24,0.0045967370170829636
2004-09-27,-0.006369614268851853
2004-09-28,0.004785587333959729
2004-09-29,0.005031870904789626
2004-09-30,-0.0007151669385048187
2004-10-01,0.016911428125767847
2004-10-04,0.001671420001219115
2004-10-05,0.0005273522572959433
2004-10-06,0.006848064654981334
2004-10-07,-0.01072552215063638
2004-10-08,-0.008285865992206487
2004-10-11,0.004089038514918819
2004-10-12,-0.0038947779597342524
2004-10-13,-0.008797793216067218
2004-10-14,-0.008068695201205567
2004-10-15,0.005603994161416104
2004-10-18,0.0037744014536826853
2004-10-19,-0.008416881345550187
2004-10-20,-0.0019866558950250024
2004-10-21,0.006514716074852878
2004-10-22,-0.011236852714347045
2004-10-25,-0.0011816410255984788
2004-10-26,0.015291870032276167
2004-10-27,0.01201371297166176
2004-10-28,0.003012060353852819
2004-10-29,-0.0001768136964297451
2004-11-01,0.002738630992497937
2004-11-02,0.0003525231958154684
2004-11-03,0.012593747707826397
2004-11-04,0.013653985151443448
2004-11-05,0.006263395988474363
2004-11-08,-0.001449577372564459
2004-11-09,-0.001963627886921171
2004-11-10,0.0007700150542377937
2004-11-11,0.00760889682003163
2004-11-12,0.0078902741560678
2004-11-15,0.002457827752170072
2004-11-16,-0.007159260806441359
2004-11-17,0.005937355836499902
2004-11-18,0.0013495514540082798
2004-11-19,-0.01111690458718928
2004-11-22,0.004769560723254296
2004-11-23,0.0015255928209707559
2004-11-24,0.0023698926529962527
2004-11-26,-0.0007600255707744807
2004-11-29,-0.00456294998263107
2004-11-30,0.0006791376773973568
2004-12-01,0.011366462613949135
2004-12-02,0.0008388354517168128
2004-12-03,-0.0006705820764758563
2004-12-06,-0.0003356112922006105
2004-12-07,-0.009311074983752166
2004-12-08,0.005842325225624556
2004-12-09,0.0035356045447689777
2004-12-10,0.0010069813050446186
2004-12-13,0.008715567814230774
2004-12-14,0.003488816101536951
2004-12-15,0.0007454274851697029
2004-12-16,-0.000579188442620282
2004-12-17,-0.006669933992741406
2004-12-20,0.00025114411147053595
2004-12-21,0.007700702298219841
2004-12-22,0.002408694403483569
2004-12-23,0.0007457845372256244
2004-12-27,-0.0020703503436477755
2004-12-28,0.005476692838185304
2004-12-29,0.0014854145262903629
2004-12-30,-0.0018951937896674043
2004-12-31,-0.0021468059039729814
2005-01-03,-0.004715472951394628
2005-01-04,-0.012219497943413371
2005-01-05,-0.006900669428875461
2005-01-06,0.005084227244885442
2005-01-07,-0.0014327595368116564
2005-01-10,0.004727826137427726
2005-01-11,-0.006890240814477089
2005-01-12,0.003299967863295672
2005-01-13,-0.00801232797878082
2005-01-14,0.005270751070972857
2005-01-18,0.010402751244510844
2005-01-19,-0.010462688532012487
2005-01-20,-0.006090328992917504
2005-01-21,-0.006127937068986622
2005-01-24,-0.0019693280544239578
2005-01-25,0.002831280699290062
2005-01-26,0.002994802965317289
2005-01-27,0.0017058893256196583
2005-01-28,0.0
2005-01-31,0.006216224595571251
2005-02-01,0.006347862440716723
2005-02-02,0.003027255953221397
2005-02-03,-0.002599296856025335
2005-02-04,0.01067606052273673
2005-02-07,-0.001330696641791862
2005-02-08,0.001165887493598916
2005-02-09,-0.0074870019156755285
2005-02-10,0.0036037174951590867
2005-02-11,0.008602115203642402
2005-02-14,-0.0007452287571418914
2005-02-15,0.003729016377653327
2005-02-16,0.0006602181903039295
2005-02-17,-0.008084738733370456
2005-02-18,0.0013306025996264736
2005-02-22,-0.014868407446995247
2005-02-23,0.007166974772443213
2005-02-24,0.006613823223727611
2005-02-25,0.009897491276433579
2005-02-28,-0.00658912483870544
2005-03-01,0.00497436427613307
2005-03-02,-0.0004952447180425201
2005-03-03,0.00041290842241736847
2005-03-04,0.01245638618546785
2005-03-07,0.0004892841609660525
2005-03-08,-0.003746428158377224
2005-03-09,-0.011117490681893383
2005-03-10,0.0022317091123214006
2005-03-11,-0.007010728115990017
2005-03-14,0.00622980956315633
2005-03-15,-0.008255359104574311
2005-03-16,-0.008489903875202098
2005-03-17,0.002014930303230411
2005-03-18,-0.002968859232819754
2005-03-21,-0.0037122197415184743
2005-03-22,-0.010160623991588125
2005-03-23,0.0008557152520309863
2005-03-24,0.0011966112923103012
2005-03-28,0.00145102353307891
2005-03-29,-0.006649464968693453
2005-03-30,0.014159981404815891
2005-03-31,-0.0018618591431178722
2005-04-01,-0.004493238230706131
2005-04-04,0.001703514935774919
2005-04-05,0.004760619502876207
2005-04-06,0.0034690719915579926
2005-04-07,0.005395721369582551
2005-04-08,-0.010398789654027962
2005-04-11,0.0007628881132430987
2005-04-12,0.005165239698346813
2005-04-13,-0.011794172784479473
2005-04-14,-0.013043610175880516
2005-04-15,-0.013993091155057757
2005-04-18,0.0030658733585333664
2005-04-19,0.007948145885092295
2005-04-20,-0.013950564864378734
2005-04-21,0.01941991243195651
2005-04-22,-0.0037925957107146635
2005-04-25,0.006576016775664328
2005-04-26,-0.009714192384924325
2005-04-27,0.003906469587990458
2005-04-28,-0.012537601166114576
2005-04-29,0.013572636460347232
2005-05-02,0.005615269532159184
2005-05-03,0.0017182986762840358
2005-05-04,0.007719032062453168
2005-05-05,-0.00034094077608548545
2005-05-06,-0.0031499596331119317
2005-05-09,0.0062348939372602885
2005-05-10,-0.01035501388975324
2005-05-11,0.005489143128037943
2005-05-12,-0.011003657991485172
2005-05-13,-0.0019834360747391644
2005-05-16,0.00933327948012841
2005-05-17,0.0066781136124962615
2005-05-18,0.010290421455938725
2005-05-19,0.0042097450829736704
2005-05-20,-0.0014254377476081714
2005-05-23,0.0055404616320196
2005-05-24,-0.0023373967686587394
2005-05-25,-0.0007530292935934435
2005-05-26,0.00535949725757745
2005-05-27,0.001665867521831288
2005-05-31,-0.006403256024968607
2005-06-01,0.00853695551764111
2005-06-02,0.0021579050375979403
2005-06-03,-0.005051782472393684
2005-06-06,-0.000914963339131547
2005-06-07,0.0007493601775721004
2005-06-08,-0.0018311685474770023
2005-06-09,0.0047536926542148805
2005-06-10,-0.0023243763749132285
2005-06-13,0.0031618266841120235
2005-06-14,0.002321981496441472
2005-06-15,0.0019028568292198678
2005-06-16,0.0025599784516854296
2005-06-17,0.003705663243121382
2005-06-20,0.0003288622060886315
2005-06-21,0.0005773062288920716
2005-06-22,0.0008227962013225287
2005-06-23,-0.01406581405496321
2005-06-24,-0.007342171940501241
2005-06-27,0.0014290643672916215
2005-06-28,0.008393068864550157
2005-06-29,-0.0026637413933947585
2005-06-30,-0.0054245558106092995
2005-07-01,0.0029369109107220126
2005-07-05,0.0080313641935843
2005-07-06,-0.008382305913808619
2005-07-07,0.003934087880072656
2005-07-08,0.011420948583334534
2005-07-11,0.005110790030168566
2005-07-12,0.002624363836231325
2005-07-13,0.001390265881812791
2005-07-14,0.003920928357094011
2005-07-15,-0.0005696657808647032
2005-07-18,-0.003988928925601765
2005-07-19,0.005476110342569118
2005-07-20,0.0034139358720581825
2005-07-21,-0.005832588489777191
2005-07-22,0.0066815881703377045
2005-07-25,-0.0028327150899508657
2005-07-26,0.0012170532414810253
2005-07-27,0.003648904155560073
2005-07-28,0.006300884615747071
2005-07-29,-0.006662682378222207
2005-08-01,-0.000727566371167998
2005-08-02,0.005984431117082245
2005-08-03,0.0026531128649236457
2005-08-04,-0.008017873378435292
2005-08-05,-0.0067897842433812805
2005-08-08,-0.0018716299045618001
2005-08-09,0.006033590266066202
2005-08-10,-0.0004859959353067378
2005-08-11,0.0039726247427636086
2005-08-12,-0.0061381044975260535
2005-08-15,0.006176013513852219
2005-08-16,-0.013002671395844212
2005-08-17,-8.214856591093334e-05
2005-08-18,-8.160455296490898e-05
2005-08-19,0.002291448237330851
2005-08-22,0.0
2005-08-23,-0.0018780788402934512
2005-08-24,-0.008916485670608876
2005-08-25,0.003631532501715995
2005-08-26,-0.006826161172978296
2005-08-29,0.0077011763735472805
2005-08-30,-0.005259050622130057
2005-08-31,0.012639504690875158
2005-09-01,-0.0007343600525701044
2005-09-02,-0.0017962689438149049
2005-09-06,0.011695520154506589
2005-09-07,0.0016973580954042777
2005-09-08,-0.0033083949911845156
2005-09-09,0.008906440368475765
2005-09-12,-0.00200594942886434
2005-09-13,-0.005549143376474608
2005-09-14,-0.003638917036664635
2005-09-15,-0.00048679707462906396
2005-09-16,0.00711068053983821
2005-09-19,-0.0033196879882193553
2005-09-20,-0.008449048857006813
2005-09-21,-0.009340211008600052
2005-09-22,0.0035562492655814015
2005-09-23,0.0008237764586063179
2005-09-26,0.0011529264234273473
2005-09-27,-0.0002466727203306318
2005-09-28,0.0009870262244258132
2005-09-29,0.00813684186174446
2005-09-30,0.003098194263509768
2005-10-03,-0.003576207192339642
2005-10-04,-0.01125591245848856
2005-10-05,-0.013116808444765482
2005-10-06,-0.0035945812101411123
2005-10-07,0.0034400042954372267
2005-10-10,-0.008444133165242618
2005-10-11,-0.0014334046959166846
2005-10-12,-0.00785335573735979
2005-10-13,-0.0005952704611625892
2005-10-14,0.010559550802476725
2005-10-17,0.0037076178458863573
2005-10-18,-0.010830072358338327
2005-10-19,0.016635280715918244
2005-10-20,-0.017615627118843236
2005-10-21,0.003909229704336381
2005-10-24,0.015491497490307093
2005-10-25,-0.0020012415463070976
2005-10-26,-0.0029230272598181894
2005-10-27,-0.010639271414549012
2005-10-28,0.014394738146283004
2005-10-31,0.0027548345495616022
2005-11-01,0.0029959865384230344
2005-11-02,0.01045787551390398
2005-11-03,0.0042708825588488875
2005-11-04,-0.0013088031927964705
2005-11-07,0.0009831403504199088
2005-11-08,0.0
2005-11-09,0.0013088657170301499
2005-11-10,0.0077620702601879366
2005-11-11,0.00340549795253553
2005-11-14,-0.00056570177570614
2005-11-15,-0.0036378741666684977
2005-11-16,0.002027916824141718
2005-11-17,0.009312613712269435
2005-11-18,0.003931417862670816
2005-11-21,0.005034592572108032
2005-11-22,0.004294217252807542
2005-11-23,0.00577999767232984
2005-11-25,0.0007868773928252359
2005-11-28,-0.0070790519911261285
2005-11-29,-0.0011089109471597025
2005-11-30,-0.0053930294208889284
2005-12-01,0.010206304620171025
2005-12-02,0.0012629646740185407
2005-12-05,-0.0021285260619626767
2005-12-06,0.0018953432389923197
2005-12-07,-0.005834424212596279
2005-12-08,-0.0006344047222177629
2005-12-09,0.002618746933891636
2005-12-12,0.0009499451244003865
2005-12-13,0.006800713478671394
2005-12-14,0.003927754514641002
2005-12-15,-0.0028947019081017045
2005-12-16,-0.00321854425599144
2005-12-19,-0.0051442988805555645
2005-12-20,0.0009551647082417514
2005-12-21,0.0015891270053047801
2005-12-22,0.005237200503602102
2005-12-23,0.000552072446638574
2005-12-27,-0.01017645701768044
2005-12-28,0.002231533462862645
2005-12-29,-0.004453394685207446
2005-12-30,-0.005431915565858536
2006-01-03,0.017588983173357553
2006-01-04,0.0047359630032597355
2006-01-05,0.0006281535871741628
2006-01-06,0.0083216262671848
2006-01-09,0.0025692063747460026
2006-01-10,0.0010095179422400236
2006-01-11,0.003180739549312639
2006-01-12,-0.003943792091124054
2006-01-13,-0.000931818040659782
2006-01-17,-0.0027194020855513257
2006-01-18,-0.003974512763747828
2006-01-19,0.0038333862560846477
2006-01-20,-0.018237073907658496
2006-01-23,0.003572070551987716
2006-01-24,0.0010283717581922591
2006-01-25,0.0008694558907633709
2006-01-26,0.005526332294863545
2006-01-27,0.00926520119370644
2006-01-30,-0.0007778553510596753
2006-01-31,-0.007318345431094664
2006-02-01,0.006980067779831511
2006-02-02,-0.011604961070881603
2006-02-03,-0.004964720575117543
2006-02-06,0.0026135350529763457
2006-02-07,-0.008846988332675387
2006-02-08,0.009084984566452903
2006-02-09,-0.0016580114287398917
2006-02-10,0.0018194144175145421
2006-02-13,-0.001816110160504647
2006-02-14,0.010599890817555968
2006-02-15,0.0035227348334063713
2006-02-16,0.0074885670781250635
2006-02-17,-0.0027100692958456074
2006-02-21,-0.002483936614719684
2006-02-22,0.006070390974304729
2006-02-23,-0.0014697420087075308
2006-02-24,0.002556811457104402
2006-02-27,0.0003859263851644368
2006-02-28,-0.009501026193906248
2006-03-01,0.008890234804511454
2006-03-02,-7.703741416065224e-05
2006-03-03,-0.004638404726837075
2006-03-06,-0.004582272250636676
2006-03-07,-0.001560288249795927
2006-03-08,0.002109277120672548
2006-03-09,-0.006705779526292921
2006-03-10,0.009499078292055207
2006-03-13,0.0018665071526831056
2006-03-14,0.010478744841243559
2006-03-15,0.004455732139880597
2006-03-16,0.0020644417497486245
2006-03-17,0.000835404107234039
2006-03-20,-0.0016078187930522736
2006-03-21,-0.006287779076151745
2006-03-22,0.0060959660115926795
2006-03-23,-0.0020710861267956293
2006-03-24,0.0007687428052631784
2006-03-27,-0.0014588774199602028
2006-03-28,-0.006152919834491066
2006-03-29,0.006267748343202539
2006-03-30,-0.0017681412354622061
2006-03-31,0.00023139519536941044
2006-04-03,-0.0007704001324290166
2006-04-04,0.006397510844077248
2006-04-05,0.00344674047255511
2006-04-06,-0.001068491405693428
2006-04-07,-0.010162836579852619
2006-04-10,0.0015442503414675457
2006-04-11,-0.008478575215858264
2006-04-12,0.0018656173923785602
2006-04-13,-0.0013191112271289107
2006-04-17,-0.0003889820072606742
2006-04-18,0.01585632480216037
2006-04-19,0.0019127571077046657
2006-04-20,0.0013743192948867389
2006-04-21,0.00015258634272896643
2006-04-24,-0.0018297441775632084
2006-04-25,-0.0041251474217977036
2006-04-26,0.00023029864292722912
2006-04-27,0.0048309145944913645
2006-04-28,0.00335844821516762
2006-05-01,-0.008138803524247451
2006-05-02,0.007515189803267708
2006-05-03,-0.0037296507359863007
2006-05-04,0.0035908315510226885
2006-05-05,0.00883055117797138
2006-05-08,-0.0012073858476306931
2006-05-09,0.001964269245938066
2006-05-10,-0.0005274679718210162
2006-05-11,-0.012070955624973623
2006-05-12,-0.013058315100770601
2006-05-15,0.0020116025935732473
2006-05-16,-0.0014673027770307767
2006-05-17,-0.019024058474366168
2006-05-18,-0.005044980123945608
2006-05-19,0.007051540722057936
2006-05-22,-0.007631514033628717
2006-05-23,-0.007611498583427689
2006-05-24,0.007988874035407934
2006-05-25,0.01236426655654621
2006-05-26,0.005089586971738669
2006-05-30,-0.01776046019910793
2006-05-31,0.011182224286373721
2006-06-01,0.009567234792021262
2006-06-02,0.0020972885350118986
2006-06-05,-0.01457325567290102
2006-06-06,-0.0024388239460578776
2006-06-07,-0.0074912708019342356
2006-06-08,-0.000874012888612552
2006-06-09,-0.003181144937599467
2006-06-12,-0.01084945601749765
2006-06-13,-0.011614128495426645
2006-06-14,0.0077522200963704435
2006-06-15,0.021214692994187878
2006-06-16,-0.007286998860334237
2006-06-19,-0.007862176827779122
2006-06-20,0.003395925922362153
2006-06-21,0.007413840453350806
2006-06-22,-0.004399280201115019
2006-06-23,-0.00016076440286605376
2006-06-26,0.004419784036378882
2006-06-27,-0.00864067643764821
2006-06-28,0.006779408424990141
2006-06-29,0.02020012442640029
2006-06-30,7.860744317267354e-05
2006-07-03,0.004085361319538627
2006-07-05,-0.005711873719251193
2006-07-06,0.0029118389639117837
2006-07-07,-0.006513119785587662
2006-07-10,0.0018956300866248554
2006-07-11,0.004414768101552502
2006-07-12,-0.01067445443426096
2006-07-13,-0.01626324184973893
2006-07-14,-0.003871148776972144
2006-07-17,-0.0014572665525793838
2006-07-18,0.005108099797952237
2006-07-19,0.013874165004674976
2006-07-20,-0.006842240998290117
2006-07-21,-0.007049402927478909
2006-07-24,0.018233746631590275
2006-07-25,0.0035648593131130113
2006-07-26,0.0013418054830043324
2006-07-27,-0.0009455196839928126
2006-07-28,0.010022568212888716
2006-07-31,-0.0010155388812955746
2006-08-01,-0.004927733470117102
2006-08-02,0.006759951819299559
2006-08-03,0.002654460124429381
2006-08-04,-0.0017128478085303156
2006-08-07,-0.0023402560393087635
2006-08-08,-0.0038311548968323894
2006-08-09,-0.0033749356611543213
2006-08-10,0.0030713033316387417
2006-08-11,-0.0028263486314401565
2006-08-14,0.0007873365469897031
2006-08-15,0.011958516533715269
2006-08-16,0.008317695272468839
2006-08-17,0.002544256254431776
2006-08-18,0.0050762767609680015
2006-08-21,-0.004285050311213512
2006-08-22,-7.713381251694962e-05
2006-08-23,-0.002766362287784152
2006-08-24,-0.0008480042944493116
2006-08-25,0.0012341213739079926
2006-08-28,0.004776177221460065
2006-08-29,0.0011498691191802468
2006-08-30,0.0006129191786241606
2006-08-31,-0.00015322026066000305
2006-09-01,0.00597110819935831
2006-09-05,0.00190212267601364
2006-09-06,-0.008810321649917574
2006-09-07,-0.00459707991336189
2006-09-08,0.002848522243213303
2006-09-11,0.00099735619841268
2006-09-12,0.00981534893301439
2006-09-13,0.004024939615865808
2006-09-14,7.533122405911641e-05
2006-09-15,0.002347007475894225
2006-09-18,0.0013639907603093526
2006-09-19,-0.002497132821647985
2006-09-20,0.005310703007348261
2006-09-21,-0.004830065233406566
2006-09-22,-0.003033140945472801
2006-09-25,0.007682269285774979
2006-09-26,0.008302937613492212
2006-09-27,0.00119831654263991
2006-09-28,-0.00037386167200159637
2006-09-29,-0.0008233284377264782
2006-10-02,-0.0037429325233309108
2006-10-03,0.0021041907001646543
2006-10-04,0.011697591978041988
2006-10-05,0.001926460496746163
2006-10-06,-0.0012569246901752429
2006-10-09,0.0005924056536510403
2006-10-10,0.0013326310852299628
2006-10-11,-0.001183020525179046
2006-10-12,0.008659642681044355
2006-10-13,0.002568739044704671
2006-10-16,0.0015367967314345865
2006-10-17,-0.00314270920404236
2006-10-18,0.001319413986222484
2006-10-19,0.0016108937472698592
2006-10-20,0.00021954000675616925
2006-10-23,0.004604037318739929
2006-10-24,0.002982276707687248
2006-10-25,0.0034087634458990212
2006-10-26,0.003107615898896965
2006-10-27,-0.006268539872226198
2006-10-30,-0.0007247963061478568
2006-10-31,-0.00014598777205143687
2006-11-01,-0.006748979488828022
2006-11-02,-0.0005845581896698482
2006-11-03,-0.0017545398930257639
2006-11-06,0.011278935775190568
2006-11-07,0.0038380727505891166
2006-11-08,0.00216459535259772
2006-11-09,-0.005255165672442219
2006-11-10,0.0004340914877183355
2006-11-13,0.0024597102133323556
2006-11-14,0.00750390567857484
2006-11-15,0.0028654859752961226
2006-11-16,0.0025711063521243194
2006-11-17,0.0002847548400704003
2006-11-20,0.0005697381618401387
2006-11-21,0.0009966497266142849
2006-11-22,0.0019906908177611538
2006-11-24,-0.0040445432994683506
2006-11-27,-0.01375142251513184
2006-11-28,0.004334577214476054
2006-11-29,0.010430367057639778
2006-11-30,0.00042662422550865386
2006-12-01,-0.0022058221433537417
2006-12-04,0.007630813811350556
2006-12-05,0.0043174164445833885
2006-12-06,-0.0008456551423122738
2006-12-07,-0.004372825947182579
2006-12-08,0.0018417670332560032
2006-12-11,0.0028989021451426567
2006-12-12,-0.000775379725301284
2006-12-13,0.0010586631105948818
2006-12-14,0.008810775020817285
2006-12-15,9.121046170190716e-05
2006-12-18,-0.002739666394822926
2006-12-19,0.001901831759014927
2006-12-20,-0.0005623252513492494
2006-12-21,-0.0036586672446323742
2006-12-22,-0.006142919966411808
2006-12-26,0.005896750861675404
2006-12-27,0.006568748641479383
2006-12-28,-0.0021044095152900066
2006-12-29,-0.004149575894687563
2007-01-03,-0.0017648367882234783
2007-01-04,0.0021217643980342427
2007-01-05,-0.007976500559580102
2007-01-08,0.004625343526145187
2007-01-09,-0.0008498343020135746
2007-01-10,0.0033308525739115247
2007-01-11,0.0043809453195347015
2007-01-12,0.007596935963628981
2007-01-16,-0.001954618875213421
2007-01-17,0.0004199996764537861
2007-01-18,-0.0033562222488680016
2007-01-19,0.0019642935725752153
2007-01-22,-0.0030808265940092117
2007-01-23,0.002949751704905079
2007-01-24,0.008053563508194639
2007-01-25,-0.011740492688128934
2007-01-26,-0.0009138378998644336
2007-01-29,-0.0005628348331900845
2007-01-30,0.005209518885744391
2007-01-31,0.006722875386263372
2007-02-01,0.0059829912117821404
2007-02-02,0.0013828426873301325
2007-02-05,0.0002763975478137226
2007-02-06,0.0002759446113491659
2007-02-07,0.0022084537277671235
2007-02-08,-0.0013082390436858216
2007-02-09,-0.007447262816290157
2007-02-12,-0.0034044209574092266
2007-02-13,0.008435181123689128
2007-02-14,0.006567119697679091
2007-02-15,0.0013049447050470508
2007-02-16,-0.0004800559067602572
2007-02-20,0.0021267797585602377
2007-02-21,-0.0004106190248003294
2007-02-22,-0.0007536463480323219
2007-02-23,-0.003907333517655376
2007-02-26,-0.0008946432223493339
2007-02-27,-0.03905748397879072
2007-02-28,0.01025054881256926
2007-03-01,-0.002980256199391129
2007-03-02,-0.0130950738525768
2007-03-05,-0.009518767228466785
2007-03-06,0.017109616265314598
2007-03-07,-0.0010021910923999622
2007-03-08,0.00845494374431488
2007-03-09,0.00028423553894540987
2007-03-12,0.0014918319257455348
2007-03-13,-0.01943409842828847
2007-03-14,0.007450157306612137
2007-03-15,0.0013641735612246464
2007-03-16,-0.0028005794982093324
2007-03-19,0.012055644307273461
2007-03-20,0.005492241303344247
2007-03-21,0.016457483081812496
2007-03-22,-0.0007675668502421518
2007-03-23,0.0014664943158926302
2007-03-26,-0.0013249899005988164
2007-03-27,-0.0023742601967607913
2007-03-28,-0.007280138538337755
2007-03-29,0.001057935450613945
2007-03-30,0.0002111644860367523
2007-04-02,0.0011266104970897306
2007-04-03,0.010763024066266835
2007-04-04,0.00111305707678655
2007-04-05,0.002711301801791244
2007-04-09,0.001386562696310767
2007-04-10,0.0011770140869313828
2007-04-11,-0.0040802172729598185
2007-04-12,0.004444066202500485
2007-04-13,0.004562312038137062
2007-04-16,0.009495926594583759
2007-04-17,0.002658925380249366
2007-04-18,0.001223919229013548
2007-04-19,-0.0002721086628463265
2007-04-20,0.009440932400010205
2007-04-23,-0.003767461981570963
2007-04-24,0.0004050311339705015
2007-04-25,0.009181659246669804
2007-04-26,0.001137256335833614
2007-04-27,-0.0008021818649682766
2007-04-30,-0.00829233093459314
2007-05-01,0.002562635942879643
2007-05-02,0.00585174264844901
2007-05-03,0.005416748956607043
2007-05-04,0.0037911055115751324
2007-05-07,0.0001986418627610842
2007-05-08,-0.0013249278707568868
2007-05-09,0.002719539767088275
2007-05-10,-0.01045229017551863
2007-05-11,0.00855739087512375
2007-05-14,-0.0021871540031270786
2007-05-15,0.0002650607105965097
2007-05-16,0.0068412572845317765
2007-05-17,-0.0019792283518046405
2007-05-18,0.008724467635257138
2007-05-21,-0.0005237875887188492
2007-05-22,-0.0007869123098173114
2007-05-23,0.00013102958887656335
2007-05-24,-0.009052616242518075
2007-05-25,0.004170058515186481
2007-05-29,0.003626386945264848
2007-05-30,0.00814485909834839
2007-05-31,-0.0010423424081005273
2007-06-01,0.004957196194467661
2007-06-04,0.00012961789308008065
2007-06-05,-0.0039585448547061475
2007-06-06,-0.010749874750802357
2007-06-07,-0.01804560015365697
2007-06-08,0.013011977493654348
2007-06-11,0.001720889815355342
2007-06-12,-0.010905405001677693
2007-06-13,0.014968228573619236
2007-06-14,0.006386410872572412
2007-06-15,0.0056897068921641925
2007-06-18,-0.001175792707639567
2007-06-19,0.0024851274836148463
2007-06-20,-0.013896699828502501
2007-06-21,0.005557456917450132
2007-06-22,-0.009408880973327371
2007-06-25,-0.0047829728323118825
2007-06-26,-0.010277915238195545
2007-06-27,0.01422863020532894
2007-06-28,-0.00013272314735568447
2007-06-29,0.0003321756707832524
2007-07-02,0.009040995652367378
2007-07-03,0.003623412053121333
2007-07-05,-0.0010505361732942031
2007-07-06,0.005257351657802722
2007-07-09,0.0007847472185358306
2007-07-10,-0.014239738709394989
2007-07-11,0.007090166381835017
2007-07-12,0.01579034175557492
2007-07-13,0.0029796274046673954
2007-07-16,-0.00012960767512193438
2007-07-17,-0.0005164015490928264
2007-07-18,-0.001809457883453769
2007-07-19,0.003884348425031048
2007-07-20,-0.010124431058478933
2007-07-23,0.0030617484438044684
2007-07-24,-0.01734140561604447
2007-07-25,0.0020493700898944756
2007-07-26,-0.023679158059156102
2007-07-27,-0.019659398291414387
2007-07-30,0.015643395129411486
2007-07-31,-0.011263772767415081
2007-08-01,0.004872608828489833
2007-08-02,0.00799021322455995
2007-08-03,-0.025745542016561207
2007-08-06,0.0167598694283555
2007-08-07,0.010669645536272476
2007-08-08,0.013939922122055748
2007-08-09,-0.029633320915560812
2007-08-10,-0.004677239029216684
2007-08-13,0.0035935903178441198
2007-08-14,-0.015286143433923871
2007-08-15,-0.013775376420081642
2007-08-16,0.007515575720578038
2007-08-17,0.018367337149545193
2007-08-20,-0.00048373097589626823
2007-08-21,0.0020053508436439493
2007-08-22,0.011867156998947914
2007-08-23,-0.000885830685567468
2007-08-24,0.012353108753463626
2007-08-27,-0.009302911480653875
2007-08-28,-0.021980742075707216
2007-08-29,0.0196213330542947
2007-08-30,-0.0026617004626799945
2007-08-31,0.00985335088106587
2007-09-04,0.010095518055331487
2007-09-05,-0.008652876668367115
2007-09-06,0.0023005313074309086
2007-09-07,-0.01390699343445001
2007-09-10,-0.0019167599690331771
2007-09-11,0.011660307991893104
2007-09-12,0.0025764088768662763
2007-09-13,0.007033662525997242
2007-09-14,-6.757048364336438e-05
2007-09-17,-0.005372507098286627
2007-09-18,0.029439596064940954
2007-09-19,0.005903265807625235
2007-09-20,-0.007042261470218691
2007-09-21,0.0026984943252825744
2007-09-24,-0.0018427864444552355
2007-09-25,-0.0019774456479300095
2007-09-26,0.005284584882399912
2007-09-27,0.0059136224377887014
2007-09-28,-0.003331814246994691
2007-10-01,0.011272936659564303
2007-10-02,-0.0013607138911664318
2007-10-03,-0.0020124048332098576
2007-10-04,0.0015612408924112753
2007-10-05,0.011881780105268414
2007-10-08,-0.005325846572062365
2007-10-09,0.009418099750557518
2007-10-10,-0.001661678259946897
2007-10-11,-0.0048009494644408734
2007-10-12,0.005532176881439144
2007-10-15,-0.008443996564210576
2007-10-16,-0.00793557177672366
2007-10-17,0.003056519777258515
2007-10-18,-0.0036303287533793194
2007-10-19,-0.026156701006369243
2007-10-22,0.005813038683827321
2007-10-23,0.008103823243206021
2007-10-24,-0.0018442727639115253
2007-10-25,0.002376137455137206
2007-10-26,0.011722460451517813
2007-10-29,0.0033202510288383724
2007-10-30,-0.006942348029550072
2007-10-31,0.010388285199866454
2007-11-01,-0.0234078052337362
2007-11-02,0.001125800867572524
2007-11-05,-0.007606242728180002
2007-11-06,0.013462715253493185
2007-11-07,-0.027356375329659288
2007-11-08,-0.0050700995389793
2007-11-09,-0.013727095561357539
2007-11-12,-0.00992158969791046
2007-11-13,0.03048043152504376
2007-11-14,-0.0027686931875778864
2007-11-15,-0.014423919717301281
2007-11-16,0.0017174794093728352
2007-11-19,-0.013924196484956353
2007-11-20,0.006121974638871208
2007-11-21,-0.02046453876896359
2007-11-23,0.017292253208281094
2007-11-26,-0.022063388629398828
2007-11-27,0.011493424798105112
2007-11-28,0.031984390850493316
2007-11-29,0.00033952022769145884
2007-11-30,0.010056235580866435
2007-12-03,-0.0065928863351858435
2007-12-04,-0.00893786036760591
2007-12-05,0.01673954100570274
2007-12-06,0.014313271794776705
2007-12-07,-0.00019889831166863825
2007-12-10,0.007753297049290175
2007-12-11,-0.02742021695971053
2007-12-12,0.009871121683626471
2007-12-13,-0.0020749147905840815
2007-12-14,-0.012680103948447319
2007-12-17,-0.014268932593991202
2007-12-18,0.005583395004041591
2007-12-19,0.0
2007-12-20,0.006306565657684171
2007-12-21,0.014415436595427211
2007-12-24,0.007425916727775039
2007-12-26,0.0021449237164263835
2007-12-27,-0.01257168911820905
2007-12-28,-0.002505599208723064
2007-12-31,-0.00740020564610544
2008-01-02,-0.0087542767355403
2008-01-03,-0.00048298224798193345
2008-01-04,-0.024506389870498912
2008-01-07,-0.0008492666206760813
2008-01-08,-0.016148112238840384
2008-01-09,0.010510081311633446
2008-01-10,0.0065543154756795285
2008-01-11,-0.008068642938726334
2008-01-14,0.008062968468304232
2008-01-15,-0.02201336324441361
2008-01-16,-0.008612486927696672
2008-01-17,-0.025915847859225183
2008-01-18,-0.01026804916217483
2008-01-22,-0.010146576531111284
2008-01-23,0.024020785505341813
2008-01-24,0.008441761710536788
2008-01-25,-0.014445905438216222
2008-01-28,0.0165364811241564
2008-01-29,0.004954272850447028
2008-01-30,-0.007357653091744076
2008-01-31,0.018234047877803583
2008-02-01,0.016087988801005704
2008-02-04,-0.012609040547547745
2008-02-05,-0.02677415208112577
2008-02-06,-0.008051992606435854
2008-02-07,0.006614384369958648
2008-02-08,-0.006421284540027106
2008-02-11,0.005109679534010425
2008-02-12,0.00927141806086973
2008-02-13,0.010222865514416757
2008-02-14,-0.008799683490390287
2008-02-15,-0.0002221194698452944
2008-02-19,0.0028125002972290147
2008-02-20,0.002951545429597857
2008-02-21,-0.008313973936744934
2008-02-22,0.006157729027500336
2008-02-25,0.012608373136888673
2008-02-26,0.007500826574428299
2008-02-27,-0.0010123746289333324
2008-02-28,-0.009766834949385794
2008-02-29,-0.022283767017273193
2008-03-03,-0.00239136119567418
2008-03-04,-0.0038199766404537483
2008-03-05,0.006316297993116393
2008-03-06,-0.020698179376911208
2008-03-07,-0.010300490428323594
2008-03-10,-0.01318309658173622
2008-03-11,0.035936868721524906
2008-03-12,-0.009350857069001739
2008-03-13,0.0022071746712761797
2008-03-14,-0.015495606030896503
2008-03-17,-0.010107057221424576
2008-03-18,0.041543134223190004
2008-03-19,-0.024769465295431226
2008-03-20,0.018522507902610785
2008-03-24,0.019987646773248047
2008-03-25,0.0009649839088914369
2008-03-26,-0.012235347641826988
2008-03-27,-0.0031536401534225655
2008-03-28,-0.009564701832844524
2008-03-31,0.003498015913378838
2008-04-01,0.0351594783962601
2008-04-02,0.0006588950084938094
2008-04-03,0.002487026093150879
2008-04-04,-0.0010944793425968768
2008-04-07,0.0005110882559253849
2008-04-08,-0.0010215765337636684
2008-04-09,-0.007236484370496288
2008-04-10,0.0013992765696191345
2008-04-11,-0.019408755669369615
2008-04-14,-0.003374015113145612
2008-04-15,0.0023319284405947105
2008-04-16,0.02709416686298849
2008-04-17,0.0014615132507418416
2008-04-18,0.0104341222956843
2008-04-21,0.0005052969202441471
2008-04-22,-0.00440282527956537
2008-04-23,-0.0015949225812323942
2008-04-24,0.004356456087595939
2008-04-25,0.009254205579678265
2008-04-28,0.00021469847767163763
2008-04-29,-0.003938398122173226
2008-04-30,-0.005896086156306102
2008-05-01,0.020685306189156094
2008-05-02,0.0027638125673903335
2008-05-05,-0.004805057184285477
2008-05-06,0.008662859966084513
2008-05-07,-0.017810730348068127
2008-05-08,-0.0025801505187115215
2008-05-09,-0.0018684666854572596
2008-05-12,0.01123140265343947
2008-05-13,0.0001424329552068837
2008-05-14,0.002063731832615767
2008-05-15,0.01250302202426301
2008-05-16,0.0009118077116960777
2008-05-19,0.002733678358522784
2008-05-20,-0.008109010880538392
2008-05-21,-0.016914524153513244
2008-05-22,0.000143576323461847
2008-05-23,-0.013404237682113851
2008-05-27,0.007411364205357263
2008-05-28,0.004615329979720695
2008-05-29,0.005025060263383674
2008-05-30,0.0024998915109817332
2008-06-02,-0.010331333860781333
2008-06-03,-0.005831750342336628
2008-06-04,-0.0005070328912213373
2008-06-05,0.0199973774437614
2008-06-06,-0.03189357054448516
2008-06-09,0.0024212293009724384
2008-06-10,-0.004977432648041735
2008-06-11,-0.014711872375001156
2008-06-12,0.0038071313406200513
2008-06-13,0.012644024512260321
2008-06-16,0.0005875328427336068
2008-06-17,-0.004844827884326608
2008-06-18,-0.009736200065789569
2008-06-19,0.0012661666890820822
2008-06-20,-0.016231842090113968
2008-06-23,-0.0009880114347533553
2008-06-24,-0.0019775737281778616
2008-06-25,0.0047256379764866185
2008-06-26,-0.027160076424802337
2008-06-27,-0.005459326372653561
2008-06-30,0.003528772598701879
2008-07-01,0.0031254728690623956
2008-07-02,-0.017136458375499042
2008-07-03,0.0010301260601637274
2008-07-07,-0.010212992982518876
2008-07-08,0.017757172981713643
2008-07-09,-0.019255231019013164
2008-07-10,0.004087110326057797
2008-07-11,-0.011652113339475467
2008-07-14,-0.009043558538074703
2008-07-15,-0.014097429949489815
2008-07-16,0.024547511996411808
2008-07-17,0.010003468441714958
2008-07-18,0.006229559271874852
2008-07-21,0.000556036808710747
2008-07-22,0.01134458783801695
2008-07-23,0.005412661689967457
2008-07-24,-0.020753880155992332
2008-07-25,-0.00023871097762073745
2008-07-28,-0.014664072477278967
2008-07-29,0.02135258912044713
2008-07-30,0.017817500813177123
2008-07-31,-0.013226500793702245
2008-08-01,-0.005282526929824449
2008-08-04,-0.00927411758564256
2008-08-05,0.026962423310606054
2008-08-06,0.004440670580420969
2008-08-07,-0.014892069695883192
2008-08-08,0.018581422985893603
2008-08-11,0.01035803173541372
2008-08-12,-0.010404706447072032
2008-08-13,-0.006030430429248557
2008-08-14,0.007544465750265239
2008-08-15,0.0048636087918287885
2008-08-18,-0.0136747458589207
2008-08-19,-0.010904057772573306
2008-08-20,0.004646253683413315
2008-08-21,0.0017240831809450796
2008-08-22,0.01447579575052016
2008-08-25,-0.020285551618191233
2008-08-26,0.002912720904644228
2008-08-27,0.00973462533360303
2008-08-28,0.012127297917943869
2008-08-29,-0.010753543084188855
2008-09-02,-0.006211714615386388
2008-09-03,-0.0008591148581379437
2008-09-04,-0.030106319799347636
2008-09-05,0.0031442047691252473
2008-09-08,0.020655970786643385
2008-09-09,-0.02968745145711338
2008-09-10,0.004057590361279839
2008-09-11,0.014468161344258323
2008-09-12,0.004621191028354232
2008-09-15,-0.047585162994895125
2008-09-16,0.01673755270088151
2008-09-17,-0.04496317814896644
2008-09-18,0.029671556977993063
2008-09-19,0.03971388836505563
2008-09-22,-0.02263897075152188
2008-09-23,-0.022752225220735833
2008-09-24,0.003205864286531357
2008-09-25,0.015639056973491217
2008-09-26,0.0004973257718632329
2008-09-29,-0.07836190059039527
2008-09-30,0.04138954006972728
2008-10-01,0.0006039970349236423
2008-10-02,-0.036274275900001984
2008-10-03,-0.013500620979354339
2008-10-06,-0.05093322194435501
2008-10-07,-0.04478669058308249
2008-10-08,-0.025191994574164878
2008-10-09,-0.06983943630931788
2008-10-10,-0.024255712047603906
2008-10-13,0.145198412249248
2008-10-14,-0.014800467265994488
2008-10-15,-0.09844816973072945
2008-10-16,0.041658613631662345
2008-10-17,-0.0059728094638359375
2008-10-20,0.06007962953431023
2008-10-21,-0.02985517732267462
2008-10-22,-0.05445449149510884
2008-10-23,0.011584165488012
2008-10-24,-0.05071430337523797
2008-10-27,-0.035500918463484465
2008-10-28,0.11685557362724097
2008-10-29,-0.007253272069734917
2008-10-30,0.0345943982760859
2008-10-31,0.005503830124855336
2008-11-03,0.0028920844569679804
2008-11-04,0.03398145013319853
2008-11-05,-0.04202789853261346
2008-11-06,-0.05541115357239523
2008-11-07,0.03301774900717436
2008-11-10,-0.013104561476669496
2008-11-11,-0.030875228238251173
2008-11-12,-0.044001310396923676
2008-11-13,0.0623394121625076
2008-11-14,-0.049906612358534996
2008-11-17,-0.01327611406627538
2008-11-18,0.01883715519138729
2008-11-19,-0.06407943675387195
2008-11-20,-0.07423303211664767
2008-11-21,0.05394321347738318
2008-11-24,0.0692907664114526
2008-11-25,0.007409230340350348
2008-11-26,0.03864082212540376
2008-11-28,0.01258844211391863
2008-12-01,-0.08857818134021678
2008-12-02,0.038484510664757776
2008-12-03,0.02404193710102609
2008-12-04,-0.0231333959618778
2008-12-05,0.03083200800936381
2008-12-08,0.03491423618422851
2008-12-09,-0.016483130662741208
2008-12-10,0.006815628701984933
2008-12-11,-0.024081715998523268
2008-12-12,0.011939471696303272
2008-12-15,-0.013933925265958491
2008-12-16,0.04706581290114897
2008-12-17,-0.009686402392594107
2008-12-18,-0.01868375942386924
2008-12-19,-0.004301052666136562
2008-12-22,-0.012813784393914895
2008-12-23,-0.010337579901354754
2008-12-24,0.005802907754392184
2008-12-26,0.005769850733046145
2008-12-29,-0.002868225263867208
2008-12-30,0.02370255164607249
2008-12-31,0.014274505488666156
2009-01-02,0.03014189288337965
2009-01-05,-0.00118334167272105
2009-01-06,0.006677574223619587
2009-01-07,-0.02995634772008071
2009-01-08,0.004080933908158668
2009-01-09,-0.021419396643834188
2009-01-12,-0.024020416209081796
2009-01-13,0.0018399603221528338
2009-01-14,-0.03145422028514644
2009-01-15,0.00035505798949908574
2009-01-16,0.007820276529677539
2009-01-20,-0.05278603536165549
2009-01-21,0.04319195459994041
2009-01-22,-0.01546680637667508
2009-01-23,0.004350111724767958
2009-01-26,0.0068583216977626815
2009-01-27,0.010158160617770529
2009-01-28,0.033834080814592715
2009-01-29,-0.03249771574399962
2009-01-30,-0.02034329440753313
2009-02-02,-0.0030179109777506152
2009-02-03,0.014047222632108003
2009-02-04,-0.004896540870290789
2009-02-05,0.01488064679952883
2009-02-06,0.02849719432904463
2009-02-09,0.001379298485423286
2009-02-10,-0.04580961288553431
2009-02-11,0.005896180778790505
2009-02-12,0.0007173446325174915
2009-02-13,-0.010757894855286776
2009-02-17,-0.04277384279454455
2009-02-18,-0.0023988248088803177
2009-02-19,-0.01075518858257396
2009-02-20,-0.009721004189586324
2009-02-23,-0.03577907909339395
2009-02-24,0.037910633256713844
2009-02-25,-0.007873102125489861
2009-02-26,-0.016261131674454865
2009-02-27,-0.022348812069265866
2009-03-02,-0.04504220653198332
2009-03-03,-0.007507340224012782
2009-03-04,0.023690645384670583
2009-03-05,-0.04084799449971588
2009-03-06,0.0017443789994038283
2009-03-09,-0.011752840606856108
2009-03-10,0.05960964453156592
2009-03-11,0.00651241935835678
2009-03-12,0.03937188657718482
2009-03-13,0.007814695495500068
2009-03-16,-0.0030224747026256216
2009-03-17,0.03058241708014031
2009-03-18,0.02238461914098422
2009-03-19,-0.012386154908428981
2009-03-20,-0.021294142183018616
2009-03-23,0.07182909321897601
2009-03-24,-0.01970324101423815
2009-03-25,0.010546312517583978
2009-03-26,0.020379628264268312
2009-03-27,-0.018047616732921434
2009-03-30,-0.03455484396898734
2009-03-31,0.009265334079461507
2009-04-01,0.019366165453008177
2009-04-02,0.029237821834161126
2009-04-03,0.00994758082736169
2009-04-06,-0.007832142405950648
2009-04-07,-0.023325380212213087
2009-04-08,0.010777573408064622
2009-04-09,0.03974318117970688
2009-04-13,0.00023327780857562708
2009-04-14,-0.01724346756676176
2009-04-15,0.010669349881603951
2009-04-16,0.01466306400909767
2009-04-17,0.006705509903476514
2009-04-20,-0.04191552708318691
2009-04-21,0.01953716127357019
2009-04-22,-0.006113207519526043
2009-04-23,0.009818137772955149
2009-04-24,0.015110184626102807
2009-04-27,-0.009462249927407518
2009-04-28,-0.0031453369997879177
2009-04-29,0.021269189864375315
2009-04-30,0.00034320401387066823
2009-05-01,0.005376404123307754
2009-05-04,0.03401975548758629
2009-05-05,-0.0034114310652205715
2009-05-06,0.017335242895899716
2009-05-07,-0.013891817825137154
2009-05-08,0.023332171289126125
2009-05-11,-0.018713555845908725
2009-05-12,-0.0029592951507352305
2009-05-13,-0.025173242564477394
2009-05-14,0.00857029127302833
2009-05-15,-0.008162011747268272
2009-05-18,0.028407775205627095
2009-05-19,-0.0012066599890557805
2009-05-20,-0.00669411221522187
2009-05-21,-0.01436333688840652
2009-05-22,-0.0021297859795007534
2009-05-26,0.02561232977553063
2009-05-27,-0.017853419620027178
2009-05-28,0.013940237363333718
2009-05-29,0.017707927480972163
2009-06-01,0.02420830840278243
2009-06-02,0.0008441235881093689
2009-06-03,-0.012651393649328213
2009-06-04,0.009396849293664467
2009-06-05,0.00021148421932215555
2009-06-08,-0.004124992489778712
2009-06-09,0.0050983245951339295
2009-06-10,-0.0025365061002889933
2009-06-11,0.004449265958577309
2009-06-12,0.0027419819617344743
2009-06-15,-0.022928160019363708
2009-06-16,-0.013563093700456275
2009-06-17,-0.0009817486322325486
2009-06-18,0.007318339249503314
2009-06-19,0.003686076715711417
2009-06-22,-0.0299869825239093
2009-06-23,0.0007836563636194338
2009-06-24,0.00861832428625231
2009-06-25,0.021748165660999685
2009-06-26,-0.0026061786778964757
2009-06-29,0.009364052459923222
2009-06-30,-0.008090531966541192
2009-07-01,0.004132900160682018
2009-07-02,-0.027294122752584915
2009-07-06,-0.00011073182235943335
2009-07-07,-0.019376419950771218
2009-07-08,-0.0006815810804725597
2009-07-09,0.0019317203001376626
2009-07-10,-0.0023816213882578152
2009-07-13,0.02432918773444981
2009-07-14,0.005660549066497156
2009-07-15,0.029246449716719303
2009-07-16,-0.0016083896260474795
2009-07-17,0.010954447011045643
2009-07-20,0.010623679719671264
2009-07-21,0.0046256723676569855
2009-07-22,-0.00020962863207263371
2009-07-23,0.022082738315319705
2009-07-24,0.004096399199648326
2009-07-27,0.0029567437737616498
2009-07-28,-0.004676564895186752
2009-07-29,-0.002452443101516044
2009-07-30,0.010445890130492463
2009-07-31,0.001418681401835098
2009-08-03,0.016496202734850307
2009-08-04,0.0025885146895843203
2009-08-05,-0.002880358420902729
2009-08-06,-0.005178373630713606
2009-08-07,0.013114327008367788
2009-08-10,-0.002074669742700541
2009-08-11,-0.012476760864605807
2009-08-12,0.010729203760849293
2009-08-13,0.0076389456630134855
2009-08-14,-0.007679453894655741
2009-08-17,-0.0246056991778838
2009-08-18,0.007934213633418619
2009-08-19,0.008779908863866481
2009-08-20,0.010304081940897714
2009-08-21,0.019606207028498357
2009-08-24,-9.748234787232413e-05
2009-08-25,0.0019423145127253072
2009-08-26,9.720275303015669e-05
2009-08-27,0.0022291399743754603
2009-08-28,-0.00019345489265099047
2009-08-31,-0.008899248436652907
2009-09-01,-0.0220578341595572
2009-09-02,-0.0037917940139928774
2009-09-03,0.008314707918597897
2009-09-04,0.014009415193794172
2009-09-08,0.008621950102778442
2009-09-09,0.007674562668505969
2009-09-10,0.010218797593857687
2009-09-11,-0.00019079023224966019
2009-09-14,0.004867853537399602
2009-09-15,0.004179124095610387
2009-09-16,0.015134226958702701
2009-09-17,-0.0014903400694690205
2009-09-18,0.0006370960677459792
2009-09-21,-0.0025298115777692143
2009-09-22,0.005824305882893732
2009-09-23,-0.008312121302005426
2009-09-24,-0.011019717068669888
2009-09-25,-0.005332679260248829
2009-09-28,0.01790363196368938
2009-09-29,-0.003009725490878412
2009-09-30,-0.003868003460763547
2009-10-01,-0.0248123340197961
2009-10-02,-0.004662160550284233
2009-10-05,0.014928163085125012
2009-10-06,0.014324624699279198
2009-10-07,0.0027482892233221534
2009-10-08,0.007656108410907025
2009-10-09,0.006096879659775567
2009-10-12,0.003915896666169649
2009-10-13,-0.0020432785232881168
2009-10-14,0.017215342565642944
2009-10-15,0.0036595791253641874
2009-10-16,-0.007474590598331665
2009-10-19,0.008265600932407358
2009-10-20,-0.005282584919548916
2009-10-21,-0.00897384932237566
2009-10-22,0.010163718997912685
2009-10-23,-0.011433512519969824
2009-10-26,-0.01082504794733663
2009-10-27,-0.004583117787175017
2009-10-28,-0.01888799113171291
2009-10-29,0.021453881370594452
2009-10-30,-0.028972868683967867
2009-11-02,0.007338478201170728
2009-11-03,0.003163586381819794
2009-11-04,0.002580047521195006
2009-11-05,0.018394724347055247
2009-11-06,0.0026202307399814107
2009-11-09,0.022776151555495394
2009-11-10,0.00018282147853132535
2009-11-11,0.005110093933743398
2009-11-12,-0.010168227270992536
2009-11-13,0.005411507300765006
2009-11-16,0.014504936974130134
2009-11-17,0.001168642777371831
2009-11-18,-0.0006290104144887065
2009-11-19,-0.013031223227254585
2009-11-20,-0.0035507727750627716
2009-11-23,0.012701724739359932
2009-11-24,0.0015342746172568589
2009-11-25,0.0035136191054647714
2009-11-27,-0.016250860495460873
2009-11-30,0.0033770851052274953
2009-12-01,0.012370573098649862
2009-12-02,-0.0004493490118523402
2009-12-03,-0.007820395407188707
2009-12-04,0.005707536786683676
2009-12-07,-0.0015313708824733485
2009-12-08,-0.01109674858868126
2009-12-09,0.003740422726842274
2009-12-10,0.005635127787856575
2009-12-11,0.004248019537044012
2009-12-14,0.006840287831008984
2009-12-15,-0.004648279652351928
2009-12-16,0.0015265099807888483
2009-12-17,-0.012015869275246116
2009-12-18,0.005657636587380832
2009-12-21,0.010162537147491824
2009-12-22,0.003592944246463725
2009-12-23,0.00196855058589418
2009-12-24,0.004734598401077594
2009-12-28,0.0021334716748324656
2009-12-29,-0.0014192562114339058
2009-12-30,-0.00035574974508534307
2009-12-31,-0.00959794058709329
2010-01-04,0.016960017671787897
2010-01-05,0.002647153061121399
2010-01-06,0.000703899824546772
2010-01-07,0.004221507030181204
2010-01-08,0.003327484928824509
2010-01-11,0.0013961602781649152
2010-01-12,-0.009325558574307502
2010-01-13,0.008446276243340378
2010-01-14,0.0027042307386662134
2010-01-15,-0.011224223765410546
2010-01-19,0.01249555378396594
2010-01-20,-0.010168903919708594
2010-01-21,-0.019228958466946944
2010-01-22,-0.022291652290200803
2010-01-25,0.00512803039337606
2010-01-26,-0.0041907734626132065
2010-01-27,0.004757198808862606
2010-01-28,-0.01147223475692849
2010-01-29,-0.010869045291957313
2010-02-01,0.015551146997283105
2010-02-02,0.012103186841019298
2010-02-03,-0.0049824488545795464
2010-02-04,-0.03086618667429175
2010-02-05,0.0020669632313738973
2010-02-08,-0.0072192093594676265
2010-02-09,0.012560130518233459
2010-02-10,-0.001958392828811717
2010-02-11,0.010466435070634716
2010-02-12,-0.0008326391522301968
2010-02-16,0.015735393915675466
2010-02-17,0.004737998316115322
2010-02-18,0.005895658854340846
2010-02-19,0.0020732497870110667
2010-02-22,0.00018010155593772836
2010-02-23,-0.01214464167439644
2010-02-24,0.00919774490562153
2010-02-25,-0.0013532780878540152
2010-02-26,0.0006322008218611064
2010-03-01,0.010384196915250943
2010-03-02,0.0027714925667006174
2010-03-03,0.000891179762192218
2010-03-04,0.003027549994902179
2010-03-05,0.01429284782206608
2010-03-08,0.00017502005661840236
2010-03-09,0.0016630258248970797
2010-03-10,0.004455536494877288
2010-03-11,0.004175331373635682
2010-03-12,8.633475748798247e-05
2010-03-15,0.0002601329440488076
2010-03-16,0.007965716702503123
2010-03-17,0.005927469315640144
2010-03-18,-0.0005121937379143349
2010-03-19,-0.0050621100950205555
2010-03-22,0.005346231195835882
2010-03-23,0.0070333502565465
2010-03-24,-0.004854811758656319
2010-03-25,-0.001626136267291467
2010-03-26,-0.0006002118589888417
2010-03-29,0.0063476224776310985
2010-03-30,0.0006821754184453965
2010-03-31,-0.003407337774004482
2010-04-01,0.006837800803846328
2010-04-05,0.008149203250762183
2010-04-06,0.002358020277980044
2010-04-07,-0.00571269688898135
2010-04-08,0.0034635688315276525
2010-04-09,0.006567632851690819
2010-04-12,0.001589274619023806
2010-04-13,0.000751883790718777
2010-04-14,0.011349392678944081
2010-04-15,0.0008250479205742511
2010-04-16,-0.015912287469911912
2010-04-19,0.003770363592769277
2010-04-20,0.008930654862004728
2010-04-21,-0.0018204172759570536
2010-04-22,0.002983844729033125
2010-04-23,0.006527969434461767
2010-04-26,-0.0037762711660412895
2010-04-27,-0.023650363734615598
2010-04-28,0.007595958950182169
2010-04-29,0.012397310572978215
2010-04-30,-0.016961812503722307
2010-05-03,0.01296202559413917
2010-05-04,-0.02351467234918736
2010-05-05,-0.005956643969368014
2010-05-06,-0.03321382297284925
2010-05-07,-0.014874500291304216
2010-05-10,0.04404107645471944
2010-05-11,-0.0028411419013476547
2010-05-12,0.01398574906867589
2010-05-13,-0.012430958622589472
2010-05-14,-0.018105219510722192
2010-05-17,0.0005270627879636613
2010-05-18,-0.013602510770906684
2010-05-19,-0.005693841419528334
2010-05-20,-0.037759331450237466
2010-05-21,0.014598946474221774
2010-05-24,-0.012830895296203071
2010-05-25,0.001021218933119128
2010-05-26,-0.006028525300184606
2010-05-27,0.03349811152338389
2010-05-28,-0.01254966982075989
2010-06-01,-0.016823640394162953
2010-06-02,0.026039324802806574
2010-06-03,0.003444080091125956
2010-06-04,-0.03513644570316532
2010-06-07,-0.0124510834295406
2010-06-08,0.010711906361467793
2010-06-09,-0.0053460259354733974
2010-06-10,0.029231603117602534
2010-06-11,0.004855630412063938
2010-06-14,-0.0015499842059041313
2010-06-15,0.022737619714558344
2010-06-16,-0.0003574256914532503
2010-06-17,0.0016081722978613655
2010-06-18,0.0010841025140992944
2010-06-21,-0.0028643508931416317
2010-06-22,-0.016515510052844018
2010-06-23,-0.0031029064837087006
2010-06-24,-0.01657053521210905
2010-06-25,0.004188948281373728
2010-06-28,-0.003152089442839401
2010-06-29,-0.030874340291974778
2010-06-30,-0.009500468669173978
2010-07-01,-0.004456580927369003
2010-07-02,-0.005449775596605422
2010-07-06,0.0065557763992645235
2010-07-07,0.03149645854701877
2010-07-08,0.009895103556196272
2010-07-09,0.0074651309508859676
2010-07-12,0.0006490205655518277
2010-07-13,0.015088030865650248
2010-07-14,-9.101584867754475e-05
2010-07-15,0.0002736268616745363
2010-07-16,-0.02753479750638077
2010-07-19,0.005907057070708044
2010-07-20,0.011091380927924721
2010-07-21,-0.012998043498119949
2010-07-22,0.022321944427803997
2010-07-23,0.008678871926236731
2010-07-26,0.010415636119016414
2010-07-27,-8.982904506371625e-05
2010-07-28,-0.006454101818243241
2010-07-29,-0.004872569440857233
2010-07-30,-0.0001813593795046975
2010-08-02,0.02258140874351211
2010-08-03,-0.004789349325328707
2010-08-04,0.0066832885821381804
2010-08-05,-0.001061983034462255
2010-08-06,-0.004076460023665018
2010-08-09,0.00533903055920848
2010-08-10,-0.005399189466926191
2010-08-11,-0.027406859802788452
2010-08-12,-0.006129733984192698
2010-08-13,-0.002945811562643841
2010-08-16,-0.00046131260884951786
2010-08-17,0.012284571897410945
2010-08-18,0.001824993160205235
2010-08-19,-0.01739666774371973
2010-08-20,-0.003244689913968979
2010-08-23,-0.0038128242707533566
2010-08-24,-0.014842570470994132
2010-08-25,0.003884890110707806
2010-08-26,-0.006702139391529638
2010-08-27,0.015489985312607146
2010-08-30,-0.014504508929578885
2010-08-31,0.0
2010-09-01,0.02991158085472545
2010-09-02,0.00931177315417453
2010-09-03,0.012971580336484045
2010-09-07,-0.011272442176671782
2010-09-08,0.007023083794764684
2010-09-09,0.004619086644928494
2010-09-10,0.005048763360376851
2010-09-13,0.011122888866185843
2010-09-14,-0.0006208940604790492
2010-09-15,0.003817268358517145
2010-09-16,-0.00026532705031234727
2010-09-17,0.00037340285354714453
2010-09-20,0.01529027327885979
2010-09-21,-0.002013824614761184
2010-09-22,-0.004913584508843161
2010-09-23,-0.008111142657455161
2010-09-24,0.020622006363012924
2010-09-27,-0.004789947780896586
2010-09-28,0.0035005573919684174
2010-09-29,-0.0017439094351907602
2010-09-30,-0.0029704678946983476
2010-10-01,0.0042060334697047175
2010-10-04,-0.007503499361246169
2010-10-05,0.02013178054721787
2010-10-06,-8.62484978169098e-05
2010-10-07,-0.0012064538898605148
2010-10-08,0.005608277074595547
2010-10-11,0.0009441445567734963
2010-10-12,0.003086031209377449
2010-10-13,0.007776918901291285
2010-10-14,-0.0039010175244500456
2010-10-15,0.0020433963007266964
2010-10-18,0.004928094772871372
2010-10-19,-0.013105033270444322
2010-10-20,0.009766444416565268
2010-10-21,0.0022056794600064933
2010-10-22,0.0018623613595341038
2010-10-25,0.0029577348201803577
2010-10-26,0.00016829180338251426
2010-10-27,-0.0028640448861101397
2010-10-28,0.00016883192403094327
2010-10-29,0.0007605092262179536
2010-11-01,0.00033726523065125136
2010-11-02,0.007930756135201111
2010-11-03,0.004017780651363934
2010-11-04,0.01925749572479507
2010-11-05,0.003762786810065366
2010-11-08,-0.0018741764033635144
2010-11-09,-0.007184201356104314
2010-11-10,0.004029045861869696
2010-11-11,-0.0037673868120660092
2010-11-12,-0.011837739743064346
2010-11-15,-0.0014146414679200303
2010-11-16,-0.015579070122651362
2010-11-17,0.0005079503830995868
2010-11-18,0.01471796722480434
2010-11-19,0.0027510095632932163
2010-11-22,-0.0008315934108978906
2010-11-23,-0.014477156131063929
2010-11-24,0.014774571970857853
2010-11-26,-0.011647334938231557
2010-11-29,0.003030350848437058
2010-11-30,-0.005622778287010299
2010-12-01,0.021267358526805058
2010-12-02,0.012809053074572585
2010-12-03,0.0026924027696386688
2010-12-06,-0.001057830298037854
2010-12-07,0.0005702798952773591
2010-12-08,0.003663514929518774
2010-12-09,0.003893610774800438
2010-12-10,0.005818293403756947
2010-12-13,0.00064215264529488
2010-12-14,0.0008830304654006138
2010-12-15,-0.004571813389234292
2010-12-16,0.005801620555417442
2010-12-17,0.0010712693269760987
2010-12-20,0.002413604330049557
2010-12-21,0.006340261051964724
2010-12-22,0.0031098582017243803
2010-12-23,-0.0014309797388669665
2010-12-27,0.0003981704276396769
2010-12-28,0.0014326993947713085
2010-12-29,0.0007150459728186842
2010-12-30,-0.001588156458173784
2010-12-31,0.00023853063216594528
2011-01-03,0.01033800843404542
2011-01-04,-0.0005508240540919029
2011-01-05,0.005197654659796047
2011-01-06,-0.001958640211185969
2011-01-07,-0.0019626414192659425
2011-01-10,-0.0012582704112696907
2011-01-11,0.0035435611514398335
2011-01-12,0.009024673988353271
2011-01-13,-0.001633121042153296
2011-01-14,0.007244770603221928
2011-01-18,0.0017012580081836592
2011-01-19,-0.009805408290067152
2011-01-20,-0.0013254781845287722
2011-01-21,0.002264249014944042
2011-01-24,0.0056866907536798905
2011-01-25,0.0005419220759856902
2011-01-26,0.0038711150686683293
2011-01-27,0.0024675949361803173
2011-01-28,-0.017462807039329675
2011-01-31,0.00751667334314754
2011-02-01,0.016008726479410873
2011-02-02,-0.001912121843281156
2011-02-03,0.0022224305283968793
2011-02-04,0.002828973267693824
2011-02-07,0.006252648909215175
2011-02-08,0.004546122413380926
2011-02-09,-0.0022630390580893334
2011-02-10,0.0003783950380524814
2011-02-11,0.005970348747957432
2011-02-14,0.0024036730582837063
2011-02-15,-0.0031472934853993273
2011-02-16,0.006315214216392917
2011-02-17,0.0029881301003620298
2011-02-18,0.00208580298485872
2011-02-22,-0.020069569359790207
2011-02-23,-0.00614434160440247
2011-02-24,-0.0006873334515364871
2011-02-25,0.010692698648455456
2011-02-28,0.0061968947185546686
2011-03-01,-0.016673147426390367
2011-03-02,0.0021387694578820504
2011-03-03,0.017224248388132857
2011-03-04,-0.007492721742346831
2011-03-07,-0.007850667553099488
2011-03-08,0.008750242204079939
2011-03-09,-0.0014331320374318945
2011-03-10,-0.01850621915169437
2011-03-11,0.006926530582010981
2011-03-14,-0.006037653668366394
2011-03-15,-0.01145743020701484
2011-03-16,-0.018512571232042307
2011-03-17,0.013234961325854444
2011-03-18,0.0036371575402087686
2011-03-21,0.015497930317134756
2011-03-22,-0.0034686421820129265
2011-03-23,0.0028614755516023216
2011-03-24,0.009563364905046168
2011-03-25,0.0030562893051304663
2011-03-28,-0.002437368605965551
2011-03-29,0.006718492855270597
2011-03-30,0.006901610002178815
2011-03-31,-0.001355943519847136
2011-04-01,0.004223557871483985
2011-04-04,0.000826059206507912
2011-04-05,-0.00015019801041948888
2011-04-06,0.0031524592718685795
2011-04-07,-0.0025439319518928416
2011-04-08,-0.0034501542674291175
2011-04-11,-0.0030102987622340205
2011-04-12,-0.007474387127688109
2011-04-13,-7.570386561250864e-05
2011-04-14,0.0007600575301813794
2011-04-15,0.003648904763267069
2011-04-18,-0.011209029036949647
2011-04-19,0.005744432288008028
2011-04-20,0.013632051681860657
2011-04-21,0.005109270834255275
2011-04-25,-0.0010470004790636978
2011-04-26,0.008605442743463199
2011-04-27,0.006528586106482104
2011-04-28,0.003243451179216761
2011-04-29,0.0023509407210011712
2011-05-02,-0.0015391543000173868
2011-05-03,-0.003597433626950197
2011-05-04,-0.0066306171189114416
2011-05-05,-0.009048653448804234
2011-05-06,0.004415685621115495
2011-05-09,0.0038751175779883074
2011-05-10,0.008536231764853852
2011-05-11,-0.010524890419145616
2011-05-12,0.004760511964990055
2011-05-13,-0.0076991521916496275
2011-05-16,-0.006341316642809569
2011-05-17,-0.0001498272302409287
2011-05-18,0.008935733676860735
2011-05-19,0.0023814869757115
2011-05-20,-0.007944829001168219
2011-05-23,-0.01160062626526015
2011-05-24,-0.0008330283809443451
2011-05-25,0.003334588961372731
2011-05-26,0.004607410237012166
2011-05-27,0.0038345717931396184
2011-05-31,0.010411401510144191
2011-06-01,-0.02246130136233615
2011-06-02,-0.0010616357366090012
2011-06-03,-0.009944391312980416
2011-06-06,-0.010581454126722734
2011-06-07,-0.0006197435711371435
2011-06-08,-0.004187469515152253
2011-06-09,0.007631328722296882
2011-06-10,-0.013910409501218912
2011-06-13,0.0007838325366311683
2011-06-14,0.012685890323126392
2011-06-15,-0.01778520213071033
2011-06-16,0.0022042650371121297
2011-06-17,0.0029837635084524194
2011-06-20,0.005116314889721085
2011-06-21,0.013704092325286688
2011-06-22,-0.006025702296465929
2011-06-23,-0.0028754393429057945
2011-06-24,-0.011613278357188284
2011-06-27,0.008911077150871138
2011-06-28,0.013052511373158993
2011-06-29,0.008564599385075367
2011-06-30,0.009562273054170234
2011-07-01,0.014775960581581371
2011-07-05,-0.0008211892490743722
2011-07-06,0.0011957897037369047
2011-07-07,0.010375181363808439
2011-07-08,-0.007092141850762679
2011-07-11,-0.01808028077480328
2011-07-12,-0.004319340013517081
2011-07-13,0.0033488864776698435
2011-07-14,-0.0069025076177579026
2011-07-15,0.0058047142686112885
2011-07-18,-0.008200992428553433
2011-07-19,0.01623110975632569
2011-07-20,-0.0006026103535823335
2011-07-21,0.01387154053942341
2011-07-22,0.0006688059594119888
2011-07-25,-0.005572659623568121
2011-07-26,-0.0037363955462230702
2011-07-27,-0.020475298107153428
2011-07-28,-0.002909386355342325
2011-07-29,-0.006834820902427596
2011-08-01,-0.004252820133589408
2011-08-02,-0.025547379380766788
2011-08-03,0.00541873426346684
2011-08-04,-0.0468416315926673
2011-08-05,-0.0014967966437261504
2011-08-08,-0.06512325866119584
2011-08-09,0.04649954641840437
2011-08-10,-0.044177973110420043
2011-08-11,0.04488381957655507
2011-08-12,0.006733318884211803
2011-08-15,0.021164668574145118
2011-08-16,-0.008539161024485153
2011-08-17,0.0006688222589894544
2011-08-18,-0.04311825435529226
2011-08-19,-0.016330614484760808
2011-08-22,0.0007990708519483025
2011-08-23,0.03291048379073813
2011-08-24,0.014084328011557679
2011-08-25,-0.01524363339264434
2011-08-26,0.01453349130550774
2011-08-29,0.028736224512221575
2011-08-30,0.002637171338869315
2011-08-31,0.004437904119327207
2011-09-01,-0.010473154799339857
2011-09-02,-0.025550025634543228
2011-09-06,-0.0072974273989167004
2011-09-07,0.028207749276979666
2011-09-08,-0.010391556477399644
2011-09-09,-0.026209922039142186
2011-09-12,0.006470308272407355
2011-09-13,0.009171042952307085
2011-09-14,0.013844029719472184
2011-09-15,0.017257241993501538
2011-09-16,0.005918864099022425
2011-09-19,-0.00995742014151979
2011-09-20,-0.0011633603346613564
2011-09-21,-0.02945858870845386
2011-09-22,-0.032324549529797686
2011-09-23,0.006025211495343408
2011-09-26,0.023780162790025594
2011-09-27,0.011184140611118387
2011-09-28,-0.020418496102463046
2011-09-29,0.00790331116483256
2011-09-30,-0.024989466197649857
2011-10-03,-0.02845770624592292
2011-10-04,0.021923053515321644
2011-10-05,0.018514954172908826
2011-10-06,0.018091753962165003
2011-10-07,-0.00669623258127372
2011-10-10,0.033445699537268725
2011-10-11,0.0010037728670095891
2011-10-12,0.00877143953767412
2011-10-13,-0.001987275771628494
2011-10-14,0.01709399887079832
2011-10-17,-0.01909125013998736
2011-10-18,0.019546083714446327
2011-10-19,-0.011829324923088858
2011-10-20,0.004375635851284088
2011-10-21,0.018987601397566944
2011-10-24,0.012260996306292071
2011-10-25,-0.01944381116181315
2011-10-26,0.01015855143324318
2011-10-27,0.03483503576769831
2011-10-28,-0.00023340283431561026
2011-10-31,-0.02410558295746168
2011-11-01,-0.027888804484181406
2011-11-02,0.016311730542640568
2011-11-03,0.018226932910419213
2011-11-04,-0.006099042494867479
2011-11-07,0.006216564426309912
2011-11-08,0.012830552442369747
2011-11-09,-0.03690978242423548
2011-11-10,0.009418735582370497
2011-11-11,0.018822512483913867
2011-11-14,-0.009474145448122084
2011-11-15,0.00494181018117823
2011-11-16,-0.015863272907864046
2011-11-17,-0.01587653289927815
2011-11-18,-0.00106471485129922
2011-11-21,-0.019019696992774282
2011-11-22,-0.003927343241573622
2011-11-23,-0.022065791849786187
2011-11-25,-0.0018873646612184158
2011-11-28,0.028966679272323992
2011-11-29,0.0028402191207794747
2011-11-30,0.04114947537876268
2011-12-01,-0.00016010706062652424
2011-12-02,-0.0008798995268137766
2011-12-05,0.010891885677742241
2011-12-06,0.00031717199397141016
2011-12-07,0.003722595452314348
2011-12-08,-0.021936839307846623
2011-12-09,0.016942571552651886
2011-12-12,-0.01459719875657095
2011-12-13,-0.009339111209909046
2011-12-14,-0.010646364930112728
2011-12-15,0.003614035227285095
2011-12-16,0.0014830826182814505
2011-12-19,-0.01069160202730235
2011-12-20,0.030259703480817413
2011-12-21,0.0019365999643741194
2011-12-22,0.008859190591700816
2011-12-23,0.008940372120412876
2011-12-27,0.0007914960059247633
2011-12-28,-0.013123536042269568
2011-12-29,0.010333778854300535
2011-12-30,-0.004915647115526167
2012-01-03,0.01593614929900289
2012-01-04,0.0015686711259841335
2012-01-05,0.0026621874184864502
2012-01-06,-0.002577273135501601
2012-01-09,0.0024275310471377765
2012-01-10,0.008670773631649364
2012-01-11,0.0005419180369883314
2012-01-12,0.0023991549258948197
2012-01-13,-0.005173229172171889
2012-01-17,0.0038808526336209237
2012-01-18,0.011056511243057843
2012-01-19,0.005276197815402783
2012-01-20,0.0037273869641405444
2012-01-23,-0.0025768868616800056
2012-01-24,-0.001139594889797757
2012-01-25,0.008367385386473858
2012-01-26,-0.005129614172918573
2012-01-27,-0.00045481531244317974
2012-01-30,-0.0034140079065705375
2012-01-31,-0.00038078320092760354
2012-02-01,0.00875731168747551
2012-02-02,0.0015855053909630268
2012-02-03,0.014018480962272983
2012-02-06,-0.000668807805380478
2012-02-07,0.0025286796356966956
2012-02-08,0.0029674435791575693
2012-02-09,0.0012576010480953581
2012-02-10,-0.007387768427161934
2012-02-13,0.007442753768463817
2012-02-14,-0.0012560214741729192
2012-02-15,-0.0046600173302407955
2012-02-16,0.011072988397620387
2012-02-17,0.0026462614897855286
2012-02-21,0.00044021549610384625
2012-02-22,-0.0032243559221499796
2012-02-23,0.004410769962670313
2012-02-24,0.0021958080629014276
2012-02-27,0.0016793747507868328
2012-02-28,0.0029162407014040603
2012-02-29,-0.003925463032665055
2012-03-01,0.005181666132852314
2012-03-02,-0.0030491950249195154
2012-03-05,-0.004078147265435761
2012-03-06,-0.014625488454604874
2012-03-07,0.006976009999793087
2012-03-08,0.009948899983267756
2012-03-09,0.003867624387337676
2012-03-12,7.231039418731378e-05
2012-03-13,0.018025756342012533
2012-03-14,-0.001070281265569517
2012-03-15,0.005789290787663548
2012-03-16,0.0013850834026352121
2012-03-19,0.003920089875231181
2012-03-20,-0.0029115801882323433
2012-03-21,-0.0016375685316721844
2012-03-22,-0.007203396656047967
2012-03-23,0.003232878586644894
2012-03-26,0.014035035885556102
2012-03-27,-0.0031075041931767355
2012-03-28,-0.004958361385950405
2012-03-29,-0.0017084232120319065
2012-03-30,0.0041363070214239794
2012-04-02,0.00731462649639858
2012-04-03,-0.004089287416645493
2012-04-04,-0.009910817866382704
2012-04-05,-0.0005003265020159242
2012-04-09,-0.011230982866797246
2012-04-10,-0.016785118859282466
2012-04-11,0.008094240158933674
2012-04-12,0.013065951934265074
2012-04-13,-0.011888785708660032
2012-04-16,-0.0006559744003868939
2012-04-17,0.014812237569094222
2012-04-18,-0.0033795696669105535
2012-04-19,-0.006420906700193685
2012-04-20,0.0016700523492263475
2012-04-23,-0.00840877406478413
2012-04-24,0.003801391041514224
2012-04-25,0.013691685158744304
2012-04-26,0.006968534158426243
2012-04-27,0.0016414677544118739
2012-04-30,-0.0037041906913022338
2012-05-01,0.0062199053187530495
2012-05-02,-0.0029838140021886117
2012-05-03,-0.007625849262732576
2012-05-04,-0.01615788888694636
2012-05-07,0.0007300809926018559
2012-05-08,-0.004011874166243157
2012-05-09,-0.005931641133205323
2012-05-10,0.0020626975938531356
2012-05-11,-0.00301461057152963
2012-05-14,-0.011060799392990983
2012-05-15,-0.005741672420659927
2012-05-16,-0.0038247357254338477
2012-05-17,-0.01483102310056117
2012-05-18,-0.008558478290187188
2012-05-21,0.017187924254275178
2012-05-22,0.0017428175085443254
2012-05-23,0.0005294645271338716
2012-05-24,0.001965425686633049
2012-05-25,-0.0032439795451936204
2012-05-29,0.012111849144370135
2012-05-30,-0.014510158119852234
2012-05-31,-0.002200841987722635
2012-06-01,-0.02517679817725693
2012-06-04,-0.00046841601994995763
2012-06-05,0.007572203837224345
2012-06-06,0.022468471509443644
2012-06-07,0.0006064003276413654
2012-06-08,0.007951580161187799
2012-06-11,-0.012697471039637698
2012-06-12,0.0114907970055671
2012-06-13,-0.006394848519465035
2012-06-14,0.01060060207676794
2012-06-15,0.010227158184422214
2012-06-18,0.0019382604935087588
2012-06-19,0.009672626909488224
2012-06-20,-0.001621234516540171
2012-06-21,-0.022438702747083816
2012-06-22,0.007701633864186652
2012-06-25,-0.016034844014641392
2012-06-26,0.005025703669620629
2012-06-27,0.009016890188093152
2012-06-28,-0.002853846842676311
2012-06-29,0.024926819828006597
2012-07-02,0.00301260250249058
2012-07-03,0.006593097775504653
2012-07-05,-0.004512170536445925
2012-07-06,-0.009503695506294818
2012-07-09,-0.0012546745186783337
2012-07-10,-0.008720221460100097
2012-07-11,0.00014930334291562986
2012-07-12,-0.004845145375024229
2012-07-13,0.016778004461185825
2012-07-16,-0.0023575115964248328
2012-07-17,0.006867174605171833
2012-07-18,0.007406615886364598
2012-07-19,0.002620870981122181
2012-07-20,-0.009148293054986656
2012-07-23,-0.010112070608517487
2012-07-24,-0.008587318311334524
2012-07-25,0.00022426991174384625
2012-07-26,0.01649749629888775
2012-07-27,0.018432409118722015
2012-07-30,0.0
2012-07-31,-0.006994092426414467
2012-08-01,-0.000871325323534955
2012-08-02,-0.006904714724715988
2012-08-03,0.019833230078268205
2012-08-06,0.0019374091752197842
2012-08-07,0.005013966388012436
2012-08-08,0.001211348117117872
2012-08-09,0.0008538066573795522
2012-08-10,0.0016358046063322806
2012-08-13,-0.000497115583171559
2012-08-14,0.0001423405709597425
2012-08-15,0.0011362135280017505
2012-08-16,0.007378938333310936
2012-08-17,0.0013376705269607658
2012-08-20,7.046448822389806e-05
2012-08-21,-0.0030241501042321817
2012-08-22,0.0004234219658223459
2012-08-23,-0.008179538328640379
2012-08-24,0.006043209246924031
2012-08-27,0.00021184436848664667
2012-08-28,-0.0009894513953133677
2012-08-29,0.000778422106197274
2012-08-30,-0.007208001200955438
2012-08-31,0.0047691873002697616
2012-09-04,-0.0009210032637527732
2012-09-05,-0.0008512270684414291
2012-09-06,0.02029692421207363
2012-09-07,0.0038947921700658306
2012-09-10,-0.00568129933211492
2012-09-11,0.0027871029135768666
2012-09-12,0.0033356198933014447
2012-09-13,0.015236550205591337
2012-09-14,0.004434371612006105
2012-09-17,-0.0033959349985566156
2012-09-18,-0.0008182364379829554
2012-09-19,0.0005461809130569151
2012-09-20,6.789553608732568e-05
2012-09-21,-0.0004181524160583594
2012-09-24,-0.0015080213123420672
2012-09-25,-0.010641974006332156
2012-09-26,-0.005620873694168749
2012-09-27,0.009421775234580432
2012-09-28,-0.004632635100184301
2012-10-01,0.002639456705779919
2012-10-02,0.0010389010812681398
2012-10-03,0.004083397840163316
2012-10-04,0.007167798394475566
2012-10-05,6.81957251742471e-05
2012-10-08,-0.0034211396039461883
2012-10-09,-0.009887303750144238
2012-10-10,-0.006380187261122883
2012-10-11,0.0005582409689988133
2012-10-12,-0.0032785360663938334
2012-10-15,0.0083284214831294
2012-10-16,0.010133359477642045
2012-10-17,0.004534586023912768
2012-10-18,-0.0025993294870827466
2012-10-19,-0.01666418738042863
2012-10-22,0.00013960499142151583
2012-10-23,-0.013876377841836707
2012-10-24,-0.002828462696351508
2012-10-25,0.002907015236804922
2012-10-26,-0.0005652696622926445
2012-10-31,0.0
2012-11-01,0.010470556257798469
2012-11-02,-0.008891713461444795
2012-11-05,0.002048629491201881
2012-11-06,0.00782479274063097
2012-11-07,-0.022663262032737053
2012-11-08,-0.012024179096436716
2012-11-09,0.0008692527391238603
2012-11-12,0.0007960879643587049
2012-11-13,-0.0034713677237813156
2012-11-14,-0.01349884672263002
2012-11-15,-0.0016919653603706397
2012-11-16,0.004937267794658862
2012-11-19,0.020239493674945486
2012-11-20,0.00043087349029979904
2012-11-21,0.0018680289083625734
2012-11-23,0.013624908512435363
2012-11-26,-0.002122585798223997
2012-11-27,-0.005104698834841326
2012-11-28,0.008052751944104042
2012-11-29,0.0046656473045312286
2012-11-30,0.00021083626225770757
2012-12-03,-0.004924442669355433
2012-12-04,-0.0014136240609526896
2012-12-05,0.0017698911372079351
2012-12-06,0.003392195386515917
2012-12-07,0.0030286917176167716
2012-12-10,0.00042149321921769456
2012-12-11,0.006808417239931641
2012-12-12,0.00048787371106029376
2012-12-13,-0.006132089368750648
2012-12-14,-0.003715955306785035
2012-12-17,0.011752458202137772
2012-12-18,0.011128650015235886
2012-12-19,-0.007429002480660252
2012-12-20,0.0057518699109144755
2012-12-21,-0.00907655619559744
2012-12-24,-0.0030818708138639073
2012-12-26,-0.0042146839182779505
2012-12-27,-0.0013403779137818317
2012-12-28,-0.010808267136712457
2012-12-31,0.01699623559860397
2013-01-02,0.025630199096164263
2013-01-03,-0.0022593602136466995
2013-01-04,0.004391831825671044
2013-01-07,-0.0027329253045267343
2013-01-08,-0.002877310336789063
2013-01-09,0.0025421223414692218
2013-01-10,0.00794951716874892
2013-01-11,-6.786595409369323e-05
2013-01-14,-0.0006796201234446908
2013-01-15,0.0006800823210757478
2013-01-16,-0.00013606773521102067
2013-01-17,0.006460471059654527
2013-01-18,0.0022296141679556403
2013-01-22,0.00539336764487186
2013-01-23,0.0016094851914993935
2013-01-24,0.0002679451194882443
2013-01-25,0.005621932332595447
2013-01-28,-0.0011979238033502648
2013-01-29,0.003931610778022954
2013-01-30,-0.003916213749835085
2013-01-31,-0.0024656189711886878
2013-02-01,0.010287628104409974
2013-02-04,-0.011240636402569448
2013-02-05,0.010097614254252152
2013-02-06,0.0007282402605179872
2013-02-07,-0.0013234158811049612
2013-02-08,0.005564592394036616
2013-02-11,-0.00019771026952331017
2013-02-12,0.0016473838879209612
2013-02-13,0.0008553571202871701
2013-02-14,0.0009198517301047815
2013-02-15,-0.0011821924471780987
2013-02-19,0.007494775364846662
2013-02-20,-0.012463273020291266
2013-02-21,-0.006079026004986887
2013-02-22,0.009772978071378224
2013-02-25,-0.019027186882047298
2013-02-26,0.006845247287024403
2013-02-27,0.012598672879508444
2013-02-28,-0.0019749121398724423
2013-03-01,0.0032977378476473085
2013-03-04,0.005325215182841125
2013-03-05,0.008959208236380078
2013-03-06,0.001360951616323769
2013-03-07,0.0018121566529616384
2013-03-08,0.004264206646280799
2013-03-11,0.0037957236396251037
2013-03-12,-0.0022436764374752505
2013-03-13,0.0014140905873281095
2013-03-14,0.005323744447448986
2013-03-15,-0.001320761933810699
2013-03-18,-0.005518728501255232
2013-03-19,-0.0023228977904604653
2013-03-20,0.0069855372450429165
2013-03-21,-0.008542691433429561
2013-03-22,0.008032860366492311
2013-03-25,-0.00417715858431722
2013-03-26,0.008002521400703344
2013-03-27,0.0
2013-03-28,0.0030727799181931026
2013-04-01,-0.003957121044412815
2013-04-02,0.004934012539223431
2013-04-03,-0.010138249972173163
2013-04-04,0.00405827601797637
2013-04-05,-0.004491440452591533
2013-04-08,0.006767402649854981
2013-04-09,0.0034564728840889014
2013-04-10,0.012249470794158945
2013-04-11,0.0032769599928532678
2013-04-12,-0.0024502782533629697
2013-04-15,-0.02317346423625266
2013-04-16,0.014763206877765
2013-04-17,-0.014612164523823079
2013-04-18,-0.006253714025250767
2013-04-19,0.008693442625493875
2013-04-22,0.0044380735715656705
2013-04-23,0.010309116716290756
2013-04-24,0.0006334715453069073
2013-04-25,0.004054135101488221
2013-04-26,-0.0017659227945167055
2013-04-29,0.0066982368705788
2013-04-30,0.002386024118897323
2013-05-01,-0.008768161507875849
2013-05-02,0.009287449383415858
2013-05-03,0.010141074573120523
2013-05-06,0.002540696425599398
2013-05-07,0.00506887001527323
2013-05-08,0.004550375298023157
2013-05-09,-0.0028155993243592636
2013-05-10,0.003253740686086637
2013-05-13,0.0007951986065002359
2013-05-14,0.010334163692450993
2013-05-15,0.005386526425029459
2013-05-16,-0.004695544431892906
2013-05-17,0.009676964412090427
2013-05-20,-5.992857842651578e-05
2013-05-21,0.0014379137095927863
2013-05-22,-0.007417714450491331
2013-05-23,-0.0028926976561447493
2013-05-24,-0.0008462089515240967
2013-05-28,0.005988767444914833
2013-05-29,-0.006494318405990462
2013-05-30,0.003691731290681899
2013-05-31,-0.014352016016562885
2013-06-03,0.005506630614300789
2013-06-04,-0.004806870849172307
2013-06-05,-0.014001163225739854
2013-06-06,0.00905328014009843
2013-06-07,0.012720273761365863
2013-06-10,0.0
2013-06-11,-0.010315394381685716
2013-06-12,-0.008276965670859115
2013-06-13,0.015208247272474384
2013-06-14,-0.006272120226393674
2013-06-17,0.007720887507596252
2013-06-18,0.007906137935840052
2013-06-19,-0.01381700566795585
2013-06-20,-0.024778140787734215
2013-06-21,0.00321023136215004
2013-06-24,-0.012635772908375587
2013-06-25,0.009614116583475774
2013-06-26,0.009900984158437431
2013-06-27,0.005869742315472548
2013-06-28,-0.004096856438500329
2013-07-01,0.0058592577743670216
2013-07-02,-0.0009293646322806604
2013-07-03,0.00043389447676878135
2013-07-05,0.010788621038153146
2013-07-08,0.005704998491926849
2013-07-09,0.007197223801952202
2013-07-10,0.0003636735732379659
2013-07-11,0.013620245337432335
2013-07-12,0.0004182051521284258
2013-07-15,0.003820547303937216
2013-07-16,-0.003746822104145564
2013-07-17,0.0025669853807122056
2013-07-18,0.005478279657265661
2013-07-19,0.0017759545600823934
2013-07-22,0.0019509753470727809
2013-07-23,-0.002124100644718019
2013-07-24,-0.003665153947378319
2013-07-25,0.0024328526569312725
2013-07-26,0.0010653521091223972
2013-07-29,-0.0030748461226692836
2013-07-30,0.0
2013-07-31,0.0007115166716009647
2013-08-01,0.011558323805630932
2013-08-02,0.0016996832327431655
2013-08-05,-0.0014628270295528045
2013-08-06,-0.005682081661990801
2013-08-07,-0.003240409966121627
2013-08-08,0.0036642857825734954
2013-08-09,-0.0028856280482597585
2013-08-12,-0.0011811929801847088
2013-08-13,0.0029566996584105
2013-08-14,-0.005129605473733201
2013-08-15,-0.01398606287808013
2013-08-16,-0.0033054270899547378
2013-08-19,-0.006392041216766731
2013-08-20,0.00491593097463805
2013-08-21,-0.0061602466259131905
2013-08-22,0.009115352554307288
2013-08-23,0.003372412108278322
2013-08-26,-0.003721726884015064
2013-08-27,-0.016083761375450867
2013-08-28,0.003551108065480868
2013-08-29,0.0015864872981758982
2013-08-30,-0.003168180498431483
2013-09-03,0.004522151531144658
2013-09-04,0.008272850463519665
2013-09-05,0.001267292824199684
2013-09-06,0.00048212895304189374
2013-09-09,0.009575704067574131
2013-09-10,0.0073975863542687925
2013-09-11,0.0031382596569289323
2013-09-12,-0.0026566649985987345
2013-09-13,0.0022496121125406
2013-09-16,0.005786935327960707
2013-09-17,0.004462961442225355
2013-09-18,0.011574277998015692
2013-09-19,-0.001675988219480784
2013-09-20,-0.006991776932808502
2013-09-23,-0.00462752679656353
2013-09-24,-0.002353827407162612
2013-09-25,-0.002890389702764673
2013-09-26,0.0038452339811323455
2013-09-27,-0.004596248658525481
2013-09-30,-0.005328455623426542
2013-10-01,0.007916255424202268
2013-10-02,-0.0009445650885522294
2013-10-03,-0.009221434757064717
2013-10-04,0.007576673317588378
2013-10-07,-0.008644716309297418
2013-10-08,-0.01164674177594971
2013-10-09,0.0007254923478294817
2013-10-10,0.02155757313727369
2013-10-11,0.006443648188853013
2013-10-14,0.00399373840896633
2013-10-15,-0.0072538276951721326
2013-10-16,0.013965684388498989
2013-10-17,0.006683460789582041
2013-10-18,0.006754200345203687
2013-10-21,5.754973219840309e-05
2013-10-22,0.005791015722550696
2013-10-23,-0.004788686871652903
2013-10-24,0.00332240220450708
2013-10-25,0.004567568125665611
2013-10-28,0.0015914016312645884
2013-10-29,0.0053340662901881775
2013-10-30,-0.004967167359359648
2013-10-31,-0.0028364843620095614
2013-11-01,0.002389329635820392
2013-11-04,0.0035187648473413713
2013-11-05,-0.0031667495155961456
2013-11-06,0.005105755792155886
2013-11-07,-0.012643008867452954
2013-11-08,0.013490984522859906
2013-11-11,0.00016854335815263966
2013-11-12,-0.002029547997608794
2013-11-13,0.008023842102464096
2013-11-14,0.004989950778826691
2013-11-15,0.0043509448841936305
2013-11-18,-0.003499352672866829
2013-11-19,-0.0021734961594426228
2013-11-20,-0.00312836382140369
2013-11-21,0.008068957014440326
2013-11-22,0.005002455021532182
2013-11-25,-0.000995657625735169
2013-11-26,0.00027717917977598816
2013-11-27,0.0024346021631591608
2013-11-29,-0.000662322278597749
2013-12-02,-0.002596643090779449
2013-12-03,-0.00432015985441081
2013-12-04,-0.00011124586093758104
2013-12-05,-0.0043956486228843294
2013-12-06,0.011176849747045248
2013-12-09,0.0025420370141100435
2013-12-10,-0.003583336665059389
2013-12-11,-0.01123045790532129
2013-12-12,-0.0033013021485058802
2013-12-13,-0.0001122575937584358
2013-12-16,0.006231633829051564
2013-12-17,-0.00318009605162195
2013-12-18,0.01707242307827661
2013-12-19,-0.0011559628591175652
2013-12-20,0.005817178214702068
2013-12-23,0.005342357558397071
2013-12-24,0.0021915824866145517
2013-12-26,0.0050838748229540265
2013-12-27,-5.449565602011486e-05
2013-12-30,-0.0001631885547968004
2013-12-31,0.004732933126546213
2014-01-02,-0.009583824300973376
2014-01-03,-0.00016360641670754017
2014-01-06,-0.002898027174848772
2014-01-07,0.006141737520554802
2014-01-08,0.00021761288925259414
2014-01-09,0.0006545438871778941
2014-01-10,0.0027223029468641524
2014-01-13,-0.0133050536804733
2014-01-14,0.010897346923565143
2014-01-15,0.005390501421532079
2014-01-16,-0.001299373781390889
2014-01-17,-0.004229480382063611
2014-01-21,0.0029401364105148264
2014-01-22,0.0006516869006945036
2014-01-23,-0.008193256035470053
2014-01-24,-0.02133598779158019
2014-01-27,-0.004919166028486188
2014-01-28,0.005954525958157042
2014-01-29,-0.00960505111846821
2014-01-30,0.010600758873435145
2014-01-31,-0.005858720087074776
2014-02-03,-0.022505197576617064
2014-02-04,0.007004410264340066
2014-02-05,-0.0012542254942807807
2014-02-06,0.013187195995200351
2014-02-07,0.012395829486564036
2014-02-10,0.001836629105320009
2014-02-11,0.010943911303679332
2014-02-12,0.0004942858035859032
2014-02-13,0.005163024420095974
2014-02-14,0.005518819682469589
2014-02-18,0.001195405752746792
2014-02-19,-0.006621162593595131
2014-02-20,0.005900294824366048
2014-02-21,-0.0011404618747830053
2014-02-24,0.005546691214388222
2014-02-25,-0.00037859049850907933
2014-02-26,5.4410517573488804e-05
2014-02-27,0.005247374555174877
2014-02-28,0.002529414477441705
2014-03-03,-0.007032261071403312
2014-03-04,0.014055491134794984
2014-03-05,0.000906447362898799
2014-03-06,0.0022902478635822288
2014-03-07,0.0004249560706917066
2014-03-10,-0.0005306193049587904
2014-03-11,-0.004942664392387108
2014-03-12,0.00026656787225420864
2014-03-13,-0.011212879379611462
2014-03-14,-0.002808183692702082
2014-03-17,0.009043702713477986
2014-03-18,0.007137591002642774
2014-03-19,-0.005328778807807133
2014-03-20,0.005839724352337594
2014-03-21,-0.003878705439677277
2014-03-24,-0.004135396496559363
2014-03-25,0.004745547579400711
2014-03-26,-0.007191836383055206
2014-03-27,-0.0021085647263477947
2014-03-28,0.004929940175116609
2014-03-31,0.008194589324844737
2014-04-01,0.0066307896205497485
2014-04-02,0.0033465966721493157
2014-04-03,-0.0013235314702566559
2014-04-04,-0.011822397822444097
2014-04-07,-0.01105143666161712
2014-04-08,0.004123008110423765
2014-04-09,0.01075099108926314
2014-04-10,-0.021005773939398176
2014-04-11,-0.009008391991689568
2014-04-14,0.00787829846025967
2014-04-15,0.006886852568978474
2014-04-16,0.010477977161002627
2014-04-17,0.0013970837940999736
2014-04-21,0.003486931276136751
2014-04-22,0.004544597851411369
2014-04-23,-0.002341657674876818
2014-04-24,0.0020273511852006987
2014-04-25,-0.008199216236708273
2014-04-28,0.003167311915754256
2014-04-29,0.004655346619989675
2014-04-30,0.0029826860393613597
2014-05-01,0.00010624683599513851
2014-05-02,-0.0014336323029348064
2014-05-05,0.0019139881866367947
2014-05-06,-0.008703573741635107
2014-05-07,0.005889434636360935
2014-05-08,-0.0010650993046414925
2014-05-09,0.0014920495459560534
2014-05-12,0.009736147849383148
2014-05-13,0.0008956111595226357
2014-05-14,-0.00473780297305848
2014-05-15,-0.008779836408054686
2014-05-16,0.0034682379366115512
2014-05-19,0.0036690383063313625
2014-05-20,-0.0063047521742906065
2014-05-21,0.008424713118347693
2014-05-22,0.0024317927154482444
2014-05-23,0.0040087374890143135
2014-05-27,0.006146710527741517
2014-05-28,-0.0007310665798302418
2014-05-29,0.005172942367306144
2014-05-30,0.0016114357744589913
2014-06-02,0.0011420139891118453
2014-06-03,-0.0005184962907684998
2014-06-04,0.0020226399122280636
2014-06-05,0.006521753478436754
2014-06-06,0.004782983225711357
2014-06-09,0.0010238301555218765
2014-06-10,0.00010229747472889628
2014-06-11,-0.003476608005497206
2014-06-12,-0.0070801178163003575
2014-06-13,0.003048858763402773
2014-06-16,0.000824202678325392
2014-06-17,0.0027791157883521045
2014-06-18,0.007340069381585712
2014-06-19,0.0011208955393573472
2014-06-20,0.0020300880967762946
2014-06-23,-0.00030610587891866103
2014-06-24,-0.006024243882748248
2014-06-25,0.00451971152058217
2014-06-26,-0.0007157208499759538
2014-06-27,0.0019442668952707187
2014-06-30,-0.0005109021038759431
2014-07-01,0.006693654739110766
2014-07-02,0.001015339487566047
2014-07-03,0.00491760390168583
2014-07-07,-0.0034811140242796412
2014-07-08,-0.006430414277866725
2014-07-09,0.004484529239495716
2014-07-10,-0.003957164655880363
2014-07-11,0.0013755258853498376
2014-07-14,0.005035338011657453
2014-07-15,-0.001872204124647725
2014-07-16,0.0037010946879791895
2014-07-17,-0.011366266269389746
2014-07-18,0.010219780879918705
2014-07-21,-0.0018718225809328803
2014-07-22,0.004357777690356945
2014-07-23,0.002220184699029293
2014-07-24,5.0167610550433395e-05
2014-07-25,-0.004681605718895865
2014-07-28,0.0004045297898058742
2014-07-29,-0.004297075005781026
2014-07-30,0.0001521732971490053
2014-07-31,-0.019748065509447632
2014-08-01,-0.0030557900591625664
2014-08-04,0.007220926358203705
2014-08-05,-0.009696160160419187
2014-08-06,0.000312759924587791
2014-08-07,-0.00541504003979687
2014-08-08,0.01156847434681696
2014-08-11,0.002898324549770903
2014-08-12,-0.0013928797029550966
2014-08-13,0.0067687222258918656
2014-08-14,0.0047220059210646426
2014-08-15,-0.00020476661991419842
2014-08-18,0.008379606750406055
2014-08-19,0.005218648325547637
2014-08-20,0.002671829469477638
2014-08-21,0.00291566386680131
2014-08-22,-0.0015541044718527797
2014-08-25,0.005070740122507633
2014-08-26,0.0006495206755536831
2014-08-27,-0.00039925927437090003
2014-08-28,-0.0005496434353627899
2014-08-29,0.0028480996429269823
2014-09-02,-0.0004983617287944719
2014-09-03,-0.0005482851901602581
2014-09-04,-0.0014463905667784216
2014-09-05,0.004495152420024295
2014-09-08,-0.002585584863304735
2014-09-09,-0.006331213656435186
2014-09-10,0.0037628426080364985
2014-09-11,0.001149618806924213
2014-09-12,-0.00584136987143713
2014-09-15,-0.000753380347990662
2014-09-16,0.007538639501641908
2014-09-17,0.0013466549814458162
2014-09-18,0.005330200229014759
2014-09-19,-0.0009009941171852498
2014-09-22,-0.007723107601247059
2014-09-23,-0.0057243700968396816
2014-09-24,0.007828216381469133
2014-09-25,-0.016136017658877067
2014-09-26,0.007945794260606709
2014-09-29,-0.0018192765599782668
2014-09-30,-0.0026323826603322775
2014-10-01,-0.013551988114858138
2014-10-02,0.0001544473427745885
2014-10-03,0.011009554093565077
2014-10-06,-0.0011703278874617418
2014-10-07,-0.015436488218329325
2014-10-08,0.017489275965350437
2014-10-09,-0.019833184069483867
2014-10-10,-0.011414611778590267
2014-10-13,-0.01642689594086333
2014-10-14,0.001547749652683006
2014-10-15,-0.006766185361989918
2014-10-16,-0.0008583472904023504
2014-10-17,0.01181099339207825
2014-10-20,0.009709697585102095
2014-10-21,0.01981068565907318
2014-10-22,-0.007110520931248421
2014-10-23,0.011624824508943199
2014-10-24,0.0076947185154361275
2014-10-27,-0.0013743615658379227
2014-10-28,0.011470416620030788
2014-10-29,-0.0015121199899791327
2014-10-30,0.006410364594760409
2014-10-31,0.011435721000082832
2014-11-03,0.0005451952994750542
2014-11-04,-0.0034691577386917194
2014-11-05,0.006316181357879147
2014-11-06,0.004003206751473254
2014-11-07,0.0009355506028916327
2014-11-10,0.0031471328452348235
2014-11-11,0.0009803708198443672
2014-11-12,-0.0010772061415578182
2014-11-13,0.0011274548553596997
2014-11-14,0.0002447951689386052
2014-11-17,0.0006366208890773439
2014-11-18,0.0057740224884128555
2014-11-19,-0.0016055363396844102
2014-11-20,0.001754113318797712
2014-11-21,0.005350706655594228
2014-11-24,0.0028062580137877546
2014-11-25,-0.0007234179310497968
2014-11-26,0.0025591767585315672
2014-11-28,-0.0021193163189860975
2014-12-01,-0.006950031170119275
2014-12-02,0.006463889001982137
2014-12-03,0.0038627714259318324
2014-12-04,-0.0011062310624607719
2014-12-05,0.0016374357930799555
2014-12-08,-0.006682722537214469
2014-12-09,-0.0006774161415455948
2014-12-10,-0.016031504515315542
2014-12-11,0.005069846041289683
2014-12-12,-0.016161484395695203
2014-12-15,-0.006869496578103984
2014-12-16,-0.008019340636750583
2014-12-17,0.01960501645600532
2014-12-18,0.024728406448655482
2014-12-19,0.004254735835834911
2014-12-22,0.004599958531855908
2014-12-23,0.001350002297194175
2014-12-24,9.629873200456274e-05
2014-12-26,0.0032245855174428684
2014-12-29,0.001343010500633346
2014-12-30,-0.005365810528395243
2014-12-31,-0.009923090421077085
2015-01-02,-0.0005350234550219879
2015-01-05,-0.018059716229123723
2015-01-06,-0.009418739822411037
2015-01-07,0.012461154805294417
2015-01-08,0.017744990374612524
2015-01-09,-0.008013471251753779
2015-01-12,-0.007833830931173735
2015-01-13,-0.00281262733394283
2015-01-14,-0.0060368496564913166
2015-01-15,-0.009160900541842265
2015-01-16,0.013114197793564708
2015-01-20,0.0021327618849551477
2015-01-21,0.005048164082062989
2015-01-22,0.014870852212753638
2015-01-23,-0.005483047582785727
2015-01-26,0.002341705300042518
2015-01-27,-0.013190558350431258
2015-01-28,-0.012823824530587169
2015-01-29,0.009243514508875839
2015-01-30,-0.012575122690257956
2015-02-02,0.01238396716700585
2015-02-03,0.01446135011330063
2015-02-04,-0.0038081023742585485
2015-02-05,0.010095416665082402
2015-02-06,-0.0027655451681064536
2015-02-09,-0.00447562580888794
2015-02-10,0.010652991444349835
2015-02-11,0.0005805080941978513
2015-02-12,0.009616792348130732
2015-02-13,0.004116241172314794
2015-02-17,0.00157315736513719
2015-02-18,9.530501473187236e-05
2015-02-19,-0.0007140162031217256
2015-02-20,0.006000807603081526
2015-02-23,-0.00014219276459204178
2015-02-24,0.002840761250547219
2015-02-25,-0.0008496398275428252
2015-02-26,-0.0011817086032978041
2015-02-27,-0.003406172726760248
2015-03-02,0.006313608848435237
2015-03-03,-0.004103599773366162
2015-03-04,-0.004215882735775556
2015-03-05,0.001093888284736666
2015-03-06,-0.014064307998110759
2015-03-09,0.004144766730121097
2015-03-10,-0.016222140499088766
2015-03-11,-0.0023415909192089357
2015-03-12,0.012714087100832439
2015-03-13,-0.00613233279826686
2015-03-16,0.013360415669342762
2015-03-17,-0.0029724960641860365
2015-03-18,0.012021367569577945
2015-03-19,-0.004561065072418047
2015-03-20,0.00882674341717471
2015-03-23,-0.0019492892855603738
2015-03-24,-0.0056185457812477635
2015-03-25,-0.014653664750444606
2015-03-26,-0.002381338202490535
2015-03-27,0.00228954548109761
2015-03-30,0.012200059014089382
2015-03-31,-0.008739766875377475
2015-04-01,-0.0035364046555638184
2015-04-02,0.003597860059139979
2015-04-06,0.00673278323889126
2015-04-07,-0.0026465380639832947
2015-04-08,0.0033774608631276237
2015-04-09,0.004423483680196849
2015-04-10,0.005457177731989171
2015-04-13,-0.0045227319949009415
2015-04-14,0.0019126915165279534
2015-04-15,0.004487201152833409
2015-04-16,-0.000285085559315279
2015-04-17,-0.011503536567316619
2015-04-20,0.009136817368628813
2015-04-21,-0.0011914316477548148
2015-04-22,0.004914430904777278
2015-04-23,0.0025160094811367273
2015-04-24,0.002320614415435518
2015-04-27,-0.004157789908309617
2015-04-28,0.0031789595510489654
2015-04-29,-0.004114950368792947
2015-04-30,-0.010020182901155139
2015-05-01,0.010840964081184623
2015-05-04,0.0028473692272044104
2015-05-05,-0.011451564195683939
2015-05-06,-0.004116741064452478
2015-05-07,0.00398940155263916
2015-05-08,0.013166097167720103
2015-05-11,-0.004772360614741622
2015-05-12,-0.0029916252829534917
2015-05-13,0.00019058114022696415
2015-05-14,0.010427600628202471
2015-05-15,0.0010841525068925328
2015-05-18,0.003106615716760741
2015-05-19,-0.0003285475737663246
2015-05-20,-0.0007043605607811587
2015-05-21,0.0029125566924399493
2015-05-22,-0.002388813406986934
2015-05-26,-0.010751483048780264
2015-05-27,0.009491953381301155
2015-05-28,-0.0011282586910676962
2015-05-29,-0.006212994677111006
2015-06-01,0.0020367945223258577
2015-06-02,-0.0009928574588916605
2015-06-03,0.0026494971132662304
2015-06-04,-0.008446614251236051
2015-06-05,-0.001712955649309733
2015-06-08,-0.0061496754467029735
2015-06-09,-0.00014396424605611635
2015-06-10,0.011993277877943687
2015-06-11,0.003223760803190423
2015-06-12,-0.007655052838895782
2015-06-15,-0.004285448320927809
2015-06-16,0.005451696751346935
2015-06-17,0.0016169843006621498
2015-06-18,0.010399376327354437
2015-06-19,-0.0044391679453370525
2015-06-22,0.005123105238483916
2015-06-23,0.0007077453198245376
2015-06-24,-0.00726250787062277
2015-06-25,-0.0030404298926164364
2015-06-26,-0.0001904646788747355
2015-06-29,-0.02097071928680072
2015-06-30,0.002093087279235961
2015-07-01,0.008015588771383086
2015-07-02,-0.0009153500534806458
2015-07-06,-0.0028461174672547163
2015-07-07,0.006288820961827701
2015-07-08,-0.01677708952587753
2015-07-09,0.0018091418843995122
2015-07-10,0.012591282960698669
2015-07-13,0.011037299378564125
2015-07-14,0.004337809428486494
2015-07-15,-0.0003319290847973999
2015-07-16,0.008024210626752293
2015-07-17,0.0008479300111190469
2015-07-20,0.0005176638802395495
2015-07-21,-0.003951666084129779
2015-07-22,-0.0017943885362419199
2015-07-23,-0.005629742050464626
2015-07-24,-0.010372270440252684
2015-07-27,-0.005817126718457577
2015-07-28,0.0122829123310495
2015-07-29,0.006879072977136191
2015-07-30,0.0002372266228012343
2015-07-31,-0.0015177340403533801
2015-08-03,-0.003373164385011118
2015-08-04,-0.001954310553748062
2015-08-05,0.003295146070998456
2015-08-06,-0.008187373553361632
2015-08-07,-0.0019198561934951064
2015-08-10,0.012599000381083858
2015-08-11,-0.009023088468073093
2015-08-12,0.0011982456252677132
2015-08-13,-0.0012444667614105454
2015-08-14,0.003642009012268632
2015-08-17,0.005587255677182323
2015-08-18,-0.0028969508840201996
2015-08-19,-0.007905347108800198
2015-08-20,-0.02088153029370321
2015-08-21,-0.030102391577392362
2015-08-24,-0.042106412257878034
2015-08-25,-0.011767846400181692
2015-08-26,0.03839330111145167
2015-08-27,0.024735349482491564
2015-08-28,5.0146683641782985e-05
2015-08-31,-0.00807908892636744
2015-09-01,-0.02984759968720352
2015-09-02,0.018980725904804263
2015-09-03,0.0007168582315910665
2015-09-04,-0.015137017070979364
2015-09-08,0.02513098846495665
2015-09-09,-0.013371749333651262
2015-09-10,0.005441936036393313
2015-09-11,0.004544073645634361
2015-09-14,-0.0037102953743031186
2015-09-15,0.012499331228309263
2015-09-16,0.008666887991294558
2015-09-17,-0.002248170607166977
2015-09-18,-0.016341689947359073
2015-09-21,0.005167933381848178
2015-09-22,-0.01297977105239334
2015-09-23,-0.001598738360979124
2015-09-24,-0.00361573502578616
2015-09-25,-0.0002593725468506003
2015-09-28,-0.025097122360910107
2015-09-29,0.0005849187229287622
2015-09-30,0.018658452394882508
2015-10-01,0.0026090149733326573
2015-10-02,0.014938064469052659
2015-10-05,0.017794633664418358
2015-10-06,-0.0034264702833445293
2015-10-07,0.008191011795509962
2015-10-08,0.009026553472117005
2015-10-09,0.0005963145228826683
2015-10-12,0.0009434964714967187
2015-10-13,-0.006301454666948758
2015-10-14,-0.004794566382373189
2015-10-15,0.015354988173958528
2015-10-16,0.004546317107035458
2015-10-19,0.0004918330279268801
2015-10-20,-0.0012781730531898905
2015-10-21,-0.006204074519890135
2015-10-22,0.016894090234470083
2015-10-23,0.010961572714299539
2015-10-26,-0.002457438573029047
2015-10-27,-0.0019324096409385483
2015-10-28,0.011374468979502117
2015-10-29,-0.0005741385481971006
2015-10-30,-0.004309951363305253
2015-11-02,0.011830861550847116
2015-11-03,0.00289959346325408
2015-11-04,-0.003033156069172649
2015-11-05,-0.0009984621467212795
2015-11-06,-0.0005232956675970124
2015-11-09,-0.00933167547835545
2015-11-10,0.0023071188445769053
2015-11-11,-0.0039318520874940255
2015-11-12,-0.013959758342515394
2015-11-13,-0.011228656561891981
2015-11-16,0.01520694410234924
2015-11-17,-0.0007290967329134368
2015-11-18,0.01586601273598176
2015-11-19,-0.0008624206587386496
2015-11-20,0.003644028525043197
2015-11-23,-0.0011463891742031773
2015-11-24,0.0013392067538240404
2015-11-25,-0.00014349953623560285
2015-11-27,0.00114676934009883
2015-11-30,-0.004151582095615836
2015-12-01,0.009535645689752625
2015-12-02,-0.010205124850244274
2015-12-03,-0.014002568352615152
2015-12-04,0.01950281774863294
2015-12-07,-0.006058650979525626
2015-12-08,-0.006719524056287618
2015-12-09,-0.007779280051266602
2015-12-10,0.002580587269806145
2015-12-11,-0.019380910692227915
2015-12-14,0.005052482798091784
2015-12-15,0.010497812462199496
2015-12-16,0.014631884276243401
2015-12-17,-0.015238153252194131
2015-12-18,-0.01781484126023425
2015-12-21,0.008249210789849082
2015-12-22,0.009073895460431691
2015-12-23,0.012383501661580976
2015-12-24,-0.0016503053482193053
2015-12-28,-0.0022852075205845868
2015-12-29,0.010672087499122407
2015-12-30,-0.007087711410466602
2015-12-31,-0.01000371777597897
2016-01-04,-0.01397893279000706
2016-01-05,0.0016910830170318025
2016-01-06,-0.012614520774948956
2016-01-07,-0.023991404955186812
2016-01-08,-0.01097656180775064
2016-01-11,0.0009899369145089931
2016-01-12,0.008068434342173303
2016-01-13,-0.02494055286605612
2016-01-14,0.016416877129005192
2016-01-15,-0.021466278646506187
2016-01-19,0.0013311648699683154
2016-01-20,-0.012815050451670085
2016-01-21,0.0056020672136924965
2016-01-22,0.020515190532545358
2016-01-25,-0.015116437255209725
2016-01-26,0.01364307841000989
2016-01-27,-0.010883007526352517
2016-01-28,0.005208907565773968
2016-01-29,0.024377101567093273
2016-02-01,-0.000360921582381879
2016-02-02,-0.018022499243641632
2016-02-03,0.005994975474624464
2016-02-04,0.0015681987645337347
2016-02-05,-0.019049924872657553
2016-02-08,-0.013461201231120268
2016-02-09,5.39797787648677e-05
2016-02-10,-0.0008624585534785512
2016-02-11,-0.013008223484006987
2016-02-12,0.020616762831508373
2016-02-16,0.016878354044326693
2016-02-17,0.016334600864891913
2016-02-18,-0.004096090101783356
2016-02-19,-0.0004682893221460427
2016-02-22,0.014478899055412997
2016-02-23,-0.012629113875001985
2016-02-24,0.004575557063414504
2016-02-25,0.012111654871656441
2016-02-26,-0.0023013382249844616
2016-02-29,-0.007842301558858122
2016-03-01,0.023506683921932447
2016-03-02,0.0044923544461445974
2016-03-03,0.003919733548706228
2016-03-04,0.00325340413374664
2016-03-07,0.0007982742827090661
2016-03-08,-0.010917528608479832
2016-03-09,0.004939274194990295
2016-03-10,0.0008027505758734232
2016-03-11,0.016136739279861922
2016-03-14,-0.0012821999423170416
2016-03-15,-0.0016296550928353026
2016-03-16,0.005787453992936786
2016-03-17,0.006344111576040978
2016-03-18,0.003929525920170818
2016-03-21,0.0014189844543406327
2016-03-22,-0.00053754562649444
2016-03-23,-0.006599434683756233
2016-03-24,-0.0004429618989854056
2016-03-28,0.0005906707530480837
2016-03-29,0.009250150991502837
2016-03-30,0.004387758344711834
2016-03-31,-0.0024267031212567014
2016-04-01,0.006811472965258192
2016-04-04,-0.0032378917572297716
2016-04-05,-0.009987498057484445
2016-04-06,0.010921071858188913
2016-04-07,-0.011965982254888097
2016-04-08,0.002696598858075161
2016-04-11,-0.002347003834540229
2016-04-12,0.009312840224747987
2016-04-13,0.010100826380372796
2016-04-14,4.813266053793619e-05
2016-04-15,-0.0011055262983852288
2016-04-18,0.007026574562016608
2016-04-19,0.0031543146056625115
2016-04-20,0.000952909720296713
2016-04-21,-0.005378454437404923
2016-04-22,0.0
2016-04-25,-0.0017228365020059977
2016-04-26,0.0014861091905715718
2016-04-27,0.0020580903965290442
2016-04-28,-0.009075824276202127
2016-04-29,-0.005398640709467717
2016-05-02,0.007948307420776457
2016-05-03,-0.008703050795156209
2016-05-04,-0.005577844788621111
2016-05-05,-0.0001954263557516489
2016-05-06,0.0036588329158444566
2016-05-09,0.0008265361971300234
2016-05-10,0.012433806211699538
2016-05-11,-0.009355066397578993
2016-05-12,0.0002907193979684308
2016-05-13,-0.00871416545285475
2016-05-16,0.009865388591258073
2016-05-17,-0.009333612106317668
2016-05-18,0.0002927972492001718
2016-05-19,-0.003465173916879394
2016-05-20,0.006317782725097754
2016-05-23,-0.0013627739951667106
2016-05-24,0.01296244054625717
2016-05-25,0.006782891932401336
2016-05-26,0.00028677149672007296
2016-05-27,0.004299221036060397
2016-05-31,-0.0019025662375943275
2016-06-01,0.0020489814516464477
2016-06-02,0.0030440661262929325
2016-06-03,-0.002986932490510519
2016-06-06,0.005088270851069554
2016-06-07,0.001561156145007514
2016-06-08,0.003259758455819828
2016-06-09,-0.0013654284769503144
2016-06-10,-0.009477503643234408
2016-06-13,-0.007711824672113066
2016-06-14,-0.0019670189379238368
2016-06-15,-0.0013936745421135877
2016-06-16,0.002984001425608618
2016-06-17,-0.00372417593015395
2016-06-20,0.006440359237600335
2016-06-21,0.0028383769523860902
2016-06-22,-0.0016311385553371416
2016-06-23,0.013022481411826492
2016-06-24,-0.035908781411696955
2016-06-27,-0.017910126778638014
2016-06-28,0.01803625667216746
2016-06-29,0.017027597944413442
2016-06-30,0.013645608064504433
2016-07-01,0.0021000326318287854
2016-07-05,-0.007193142015701093
2016-07-06,0.005997747363672978
2016-07-07,-0.0006198657091486259
2016-07-08,0.014890706446575086
2016-07-11,0.0035264729340274137
2016-07-12,0.007263619675124344
2016-07-13,-0.00013975626573925481
2016-07-14,0.005583447277976772
2016-07-15,-0.001341591645230955
2016-07-18,0.002687202848997705
2016-07-19,-0.0010167234157205662
2016-07-20,0.0041635863800206785
2016-07-21,-0.00377756090863135
2016-07-22,0.0044852416738596634
2016-07-25,-0.0027162678063100687
2016-07-26,0.0004616200888993838
2016-07-27,-0.00106091400092434
2016-07-28,0.0011546187189375168
2016-07-29,0.0016142383524488935
2016-08-01,-0.0008288370614087937
2016-08-02,-0.0064072229248693935
2016-08-03,0.0029225570175774873
2016-08-04,0.0010641257136674298
2016-08-05,0.00817881684120425
2016-08-08,-0.0005957418089811428
2016-08-09,0.0005960969288438811
2016-08-10,-0.002474676662693187
2016-08-11,0.004640305154921531
2016-08-12,-0.0008687523605175329
2016-08-15,0.002883708832653875
2016-08-16,-0.005157566603170016
2016-08-17,0.0018808310076010581
2016-08-18,0.002244146798060953
2016-08-19,-0.0014623822285896315
2016-08-22,-4.549229176153968e-05
2016-08-23,0.0020133919005609346
2016-08-24,-0.005114580678010849
2016-08-25,-0.0006887389860144033
2016-08-26,-0.001883406374403651
2016-08-29,0.0049244478050494145
2016-08-30,-0.0016489982423866234
2016-08-31,-0.0028435320308003442
2016-09-01,4.5899838312157826e-05
2016-09-02,0.004507618693841309
2016-09-06,0.0030227115990404396
2016-09-07,-9.143528618549279e-05
2016-09-08,-0.0022829012893635925
2016-09-09,-0.023934928749312023
2016-09-12,0.01434744064769422
2016-09-13,-0.014375768140240108
2016-09-14,-0.00037510158826326023
2016-09-15,0.009992791817313273
2016-09-16,-0.0038654068882858494
2016-09-19,0.00018752985755154938
2016-09-20,4.676927846358758e-05
2016-09-21,0.011245564642475614
2016-09-22,0.006301486453464067
2016-09-23,-0.005479273081682057
2016-09-26,-0.00810237170220196
2016-09-27,0.006208029640675239
2016-09-28,0.004963347656496531
2016-09-29,-0.009046727852456415
2016-09-30,0.007545747463870711
2016-10-03,-0.0024042054684735303
2016-10-04,-0.005097285035543742
2016-10-05,0.004424932315920449
2016-10-06,0.0006953910936378094
2016-10-07,-0.003429109692771104
2016-10-10,0.005208234045794402
2016-10-11,-0.012629654903329235
2016-10-12,0.001312089596211763
2016-10-13,-0.0032753418872134565
2016-10-14,0.0005161811364871038
2016-10-17,-0.0034720758693361775
2016-10-18,0.006262313921679086
2016-10-19,0.0026671939728304395
2016-10-20,-0.0018665858181565742
2016-10-21,0.0004674149528118843
2016-10-24,0.004252746601954849
2016-10-25,-0.0033506653141694986
2016-10-26,-0.00200785399047565
2016-10-27,-0.0026668200999233616
2016-10-28,-0.002955133541200472
2016-10-31,4.6876860608779936e-05
2016-11-01,-0.007245447728083998
2016-11-02,-0.006018491066908105
2016-11-03,-0.004576996422683943
2016-11-04,-0.001101682616378885
2016-11-07,0.022057184025803034
2016-11-08,0.004503855896679676
2016-11-09,0.010601810646312604
2016-11-10,0.002495488787886524
2016-11-11,-0.0023048159569415416
2016-11-14,0.0007855020921467837
2016-11-15,0.007802855311308532
2016-11-16,-0.001878596161921986
2016-11-17,0.005140910792493125
2016-11-18,-0.0022378585835500786
2016-11-21,0.007551359177763839
2016-11-22,0.001953719547817423
2016-11-23,0.0005439579778725445
2016-11-25,0.0037151868802638432
2016-11-28,-0.0046947015824352345
2016-11-29,0.0019502288659254408
2016-11-30,-0.0023990541586779157
2016-12-01,-0.003675129903735086
2016-12-02,0.0005007593375301322
2016-12-05,0.006008538423718068
2016-12-06,0.003167703776872699
2016-12-07,0.013080606836867403
2016-12-08,0.0024484380950431373
2016-12-09,0.006040836242990899
2016-12-12,-0.0011477993718774782
2016-12-13,0.006673740830371422
2016-12-14,-0.008254219861227985
2016-12-15,0.004117390568121104
2016-12-16,-0.001955994024281482
2016-12-19,0.0021772186024480167
2016-12-20,0.003857950733250348
2016-12-21,-0.0027828116360454347
2016-12-22,-0.0017273058893997328
2016-12-23,0.0014640954625146918
2016-12-27,0.0024812335468238356
2016-12-28,-0.00826489900688554
2016-12-29,-0.0002224330304443356
2016-12-30,-0.0036552053287761677
2017-01-03,0.0076500223377988785
2017-01-04,0.005949151881041281
2017-01-05,-0.0007942117944518268
2017-01-06,0.0035774981774410186
2017-01-09,-0.0033007680840384523
2017-01-10,0.0
2017-01-11,0.002826281712732026
2017-01-12,-0.002510206858584496
2017-01-13,0.002295791242328038
2017-01-17,-0.0035233201056652508
2017-01-18,0.002209665325961563
2017-01-19,-0.0037045843997519645
2017-01-20,0.0036743583716303263
2017-01-23,-0.0026025752554046377
2017-01-24,0.006411767157774584
2017-01-25,0.008655682908181195
2017-01-26,-0.0010455941409063252
2017-01-27,-0.001569607879269297
2017-01-30,-0.006201862686892379
2017-01-31,-8.791284092024565e-05
2017-02-01,0.0003956815035679462
2017-02-02,0.0006587931684478576
2017-02-03,0.006892820358032958
2017-02-06,-0.0017874905790917772
2017-02-07,4.388494281304389e-05
2017-02-08,0.0013104536931234367
2017-02-09,0.005932299286547371
2017-02-10,0.003946398442709276
2017-02-13,0.005442623382432066
2017-02-14,0.003995091677089002
2017-02-15,0.005220422866838215
2017-02-16,-0.0008511709011633783
2017-02-17,0.0015762907036065421
2017-02-21,0.005954866830627514
2017-02-22,-0.0008874779151364365
2017-02-23,0.0006770170992562718
2017-02-24,0.001268735582464986
2017-02-27,0.0015627661679686877
2017-02-28,-0.0026992623715008657
2017-03-01,0.01399763504048468
2017-03-02,-0.006297288503646525
2017-03-03,0.0006294212960500367
2017-03-06,-0.002977837631636282
2017-03-07,-0.0029867316334900584
2017-03-08,-0.0018567392757513623
2017-03-09,0.0012681671251173476
2017-03-10,0.0035041942533846626
2017-03-13,0.0005047508904145737
2017-03-14,-0.0038264523974523845
2017-03-15,0.00865358315021747
2017-03-16,-0.0019673503340699172
2017-03-17,-0.0017559840465052323
2017-03-20,-0.001097020234325674
2017-03-21,-0.012839225715230329
2017-03-22,0.0023530326412137814
2017-03-23,-0.0010669741857610715
2017-03-24,-0.000726474206660277
2017-03-27,-0.001026418392005346
2017-03-28,0.007276889174809842
2017-03-29,0.0009350335369811003
2017-03-30,0.0031841735668203253
2017-03-31,-0.00232776346034802
2017-04-03,-0.0017392877878064095
2017-04-04,0.0006373731410418415
2017-04-05,-0.002972663230700112
2017-04-06,0.0028111769890311056
2017-04-07,-0.0010190807891281572
2017-04-10,0.0005952702418885458
2017-04-11,-0.0011898322120683646
2017-04-12,-0.0043819251890447886
2017-04-13,-0.00649492214355496
2017-04-17,0.00885996672656364
2017-04-18,-0.0029844953952489206
2017-04-19,-0.001838361759420093
2017-04-20,0.008139209210884069
2017-04-21,-0.003187029149689713
2017-04-24,0.010997894140277298
2017-04-25,0.005818384201702109
2017-04-26,-0.0006285479233957281
2017-04-27,0.0008389610026326988
2017-04-28,-0.002179307448419432
2017-05-01,0.0025199692389910044
2017-05-02,0.00037711546289442843
2017-05-03,-0.0012147081652550407
2017-05-04,0.001174240392671111
2017-05-05,0.003936809475238778
2017-05-08,-0.00016655838776780119
2017-05-09,-0.0009181744809770853
2017-05-10,0.0017956702471269015
2017-05-11,-0.0020425166488163837
2017-05-12,-0.0016709791681452923
2017-05-15,0.005523542047559671
2017-05-16,-0.000915582298889106
2017-05-17,-0.017744007382515914
2017-05-18,0.004028233318385865
2017-05-19,0.0065043324339546515
2017-05-22,0.005077568618393258
2017-05-23,0.002212773304240301
2017-05-24,0.002332752980707342
2017-05-25,0.004779735703814847
2017-05-26,-0.00020717185317520315
2017-05-30,-0.0008686379441724679
2017-05-31,-0.00024837716569370283
2017-06-01,0.007952162949010244
2017-06-02,0.0033282616688878885
2017-06-05,-0.0007369113695547824
2017-06-06,-0.0031970354302242043
2017-06-07,0.0018503842907748869
2017-06-08,0.0004924954895608735
2017-06-09,-0.001517937058767016
2017-06-12,-0.00020533269223343975
2017-06-13,0.004889922553451109
2017-06-14,-0.0012676618326659117
2017-06-15,-0.0019242758449423691
2017-06-16,0.00021863532908095173
2017-06-19,0.00832484958992219
2017-06-20,-0.006744235843670676
2017-06-21,-0.0002465752019327194
2017-06-22,-0.0004528766228801828
2017-06-23,0.0011943372509088945
2017-06-26,0.0006581237666949402
2017-06-27,-0.008056389094973526
2017-06-28,0.008950284997065738
2017-06-29,-0.008788834289749636
2017-06-30,0.0018645429072916553
2017-07-03,0.001695891023844931
2017-07-05,0.0023117473121669896
2017-07-06,-0.009144377211056098
2017-07-07,0.006485054960758685
2017-07-10,0.0010740837910081513
2017-07-11,-0.0007426927737941291
2017-07-12,0.0075146519547744095
2017-07-13,0.0016804593217105701
2017-07-14,0.004663790677978286
2017-07-17,-0.00012211456090305273
2017-07-18,0.0005295614107470037
2017-07-19,0.005413875541323332
2017-07-20,0.0004454690319055654
2017-07-21,-0.0008903282050589656
2017-07-24,-0.00024292326000174835
2017-07-25,0.0024309609508403884
2017-07-26,4.030422880774154e-05
2017-07-27,-0.0009296562031739786
2017-07-28,-0.0011730590584846379
2017-07-31,-0.0005669179720960704
2017-08-01,0.0022286189534703738
2017-08-02,0.00048526614569421866
2017-08-03,-0.0019398392970146894
2017-08-04,0.001822187305812406
2017-08-07,0.0018592498014688985
2017-08-08,-0.002461036074513645
2017-08-09,-4.0472324811302585e-05
2017-08-10,-0.014115188046291971
2017-08-11,0.0014769875302698132
2017-08-14,0.009912800922901033
2017-08-15,-0.00012148673846912317
2017-08-16,0.0017441803737474615
2017-08-17,-0.015590450627703922
2017-08-18,-0.00156331904347351
2017-08-21,0.0007826664128185445
2017-08-22,0.010456904759082564
2017-08-23,-0.003585399774864606
2017-08-24,-0.0023305252504557394
2017-08-25,0.0023359692858606618
2017-08-28,4.091915330084461e-05
2017-08-29,0.0011449715612752431
2017-08-30,0.004737629214995431
2017-08-31,0.006015914362176522
2017-09-01,0.001414221867973131
2017-09-05,-0.0071818311515964295
2017-09-06,0.0034136857088835626
2017-09-07,-0.00012159399920108616
2017-09-08,-0.0011744848552257547
2017-09-11,0.01066574087845984
2017-09-12,0.0033706078626569713
2017-09-13,0.00047968722595448376
2017-09-14,-0.0003193808376831253
2017-09-15,0.0013460260675841607
2017-09-18,0.0021268825886919807
2017-09-19,0.0010011608036626374
2017-09-20,0.00035992043452104383
2017-09-21,-0.002679289762906878
2017-09-22,0.00020048310684650517
2017-09-25,-0.002044629856092217
2017-09-26,0.0006028414958469952
2017-09-27,0.003894085858417551
2017-09-28,0.0011997935346268473
2017-09-29,0.003515097796171318
2017-10-02,0.004338549856816476
2017-10-03,0.0021403793637906343
2017-10-04,0.0011861838085391874
2017-10-05,0.00592527235447271
2017-10-06,-0.0011387660523137777
2017-10-09,-0.0016511702622875601
2017-10-10,0.002638179374183869
2017-10-11,0.0015709895580686695
2017-10-12,-0.001490088874430029
2017-10-13,0.0012175464726862373
2017-10-16,0.0013333760912694892
2017-10-17,0.0007053192375325867
2017-10-18,0.0009784903089182784
2017-10-19,0.0002736056241019469
2017-10-20,0.0051605458376811075
2017-10-23,-0.0038894040002386276
2017-10-24,0.0017572089837913918
2017-10-25,-0.0049503126834024025
2017-10-26,0.0012927317081816714
2017-10-27,0.008176320443254559
2017-10-30,-0.003724976984116224
2017-10-31,0.0015575479292491146
2017-11-01,0.0013223086596134692
2017-11-02,0.0003884206808333346
2017-11-03,0.0033388495913060368
2017-11-06,0.0015474380717217517
2017-11-07,-0.000695281366574152
2017-11-08,0.001700781692314024
2017-11-09,-0.0036275855075653674
2017-11-10,-0.00030991805441837883
2017-11-13,0.0009298393341601319
2017-11-14,-0.0023225402791064997
2017-11-15,-0.005005316577139762
2017-11-16,0.008501083515508823
2017-11-17,-0.002938760963527187
2017-11-20,0.001706598751398447
2017-11-21,0.006542539560434157
2017-11-22,-0.0008846763916116052
2017-11-24,0.0023096201037424713
2017-11-27,-0.0004989447412659942
2017-11-28,0.01014479171547733
2017-11-29,-0.0006084214702666291
2017-11-30,0.008754699766857055
2017-12-01,-0.002075594050297669
2017-12-04,-0.0012098574548126129
2017-12-05,-0.0035966669470930412
2017-12-06,0.00018997108018870001
2017-12-07,0.0031531067877339503
2017-12-08,0.005453291500794766
2017-12-11,0.0030129772784457387
2017-12-12,0.0017648855474607927
2017-12-13,-0.00011243568835783702
2017-12-14,-0.004086583250568876
2017-12-15,0.008327570574181209
2017-12-18,0.006341225261962791
2017-12-19,-0.0038403300432482412
2017-12-20,-0.0005240886251040022
2017-12-21,0.002059636577604218
2017-12-22,-0.0002610582257277505
2017-12-26,-0.001196737265004133
2017-12-27,0.000486515126431053
2017-12-28,0.0020576624013641798
2017-12-29,-0.0037707015329436766
2018-01-02,0.007157666132937557
2018-01-03,0.0063250218061832175
2018-01-04,0.00421449066855617
2018-01-05,0.006664472159342738
2018-01-08,0.001828614117605376
2018-01-09,0.0022632259726564907
2018-01-10,-0.0015296154790679362
2018-01-11,0.007295968781798168
2018-01-12,0.006518666084952329
2018-01-16,-0.0034181498025914747
2018-01-17,0.009531554542401954
2018-01-18,-0.0016809669867955401
2018-01-19,0.004550088551603659
2018-01-22,0.00813118189433193
2018-01-23,0.0021219985952127818
2018-01-24,-0.00038787900800896224
2018-01-25,0.0004236899323770693
2018-01-26,0.011577978141385836
2018-01-29,-0.006630259604554656
2018-01-30,-0.010257055553032024
2018-01-31,0.0004970120979912451
2018-02-01,-0.0011353400008508041
2018-02-02,-0.02176980041870269
2018-02-05,-0.041822750036377254
2018-02-06,0.01970229371893395
2018-02-07,-0.005424750652503252
2018-02-08,-0.037508889485705965
2018-02-09,0.015021348185817462
2018-02-12,0.014684458711354598
2018-02-13,0.0024874629548221616
2018-02-14,0.01349622530021466
2018-02-15,0.012760305335440147
2018-02-16,0.00029296054390592907
2018-02-20,-0.006261295438065417
2018-02-21,-0.0049742497782715445
2018-02-22,0.0012959266325955898
2018-02-23,0.015939611551633703
2018-02-26,0.011611959236094593
2018-02-27,-0.012486250520442832
2018-02-28,-0.010130312929507834
2018-03-01,-0.014540733312099596
2018-03-02,0.005155065550841664
2018-03-05,0.011557981817589935
2018-03-06,0.002534758502551915
2018-03-07,-0.00036637026683628005
2018-03-08,0.004839236273856962
2018-03-09,0.017402423310860504
2018-03-12,-0.00125512641356762
2018-03-13,-0.006462994293536584
2018-03-14,-0.00513124419198796
2018-03-15,-0.0010897014312779563
2018-03-16,0.0010844434320669283
2018-03-19,-0.013530251941729743
2018-03-20,0.0017006946396469491
2018-03-21,-0.0019195769825827158
2018-03-22,-0.024997053706277472
2018-03-23,-0.021314656833631096
2018-03-26,0.02735909649371271
2018-03-27,-0.017011868997899526
2018-03-28,-0.002954795743765559
2018-03-29,0.012777654814633443
2018-04-02,-0.021584596173068293
2018-04-03,0.01281704837409725
2018-04-04,0.01069930490068094
2018-04-05,0.007891959805266247
2018-04-06,-0.02228603316873068
2018-04-09,0.0049285920058719235
2018-04-10,0.015900331400890977
2018-04-11,-0.005242640745395377
2018-04-12,0.008227406235574941
2018-04-13,-0.0029330043351568635
2018-04-16,0.008221749248367383
2018-04-17,0.01069824392216323
2018-04-18,0.0007400307763101299
2018-04-19,-0.005547278959887936
2018-04-20,-0.008479583857346706
2018-04-23,-0.00014979879431120668
2018-04-24,-0.013467286204867035
2018-04-25,0.0024715987655039573
2018-04-26,0.01016566084576942
2018-04-27,0.0009388733818442851
2018-04-30,-0.007690786992976983
2018-05-01,0.0017771694914046066
2018-05-02,-0.006717796555412714
2018-05-03,-0.0022036110860258473
2018-05-04,0.012946650988538089
2018-05-07,0.003383120812625817
2018-05-08,0.0
2018-05-09,0.009665943036992752
2018-05-10,0.009350700939637191
2018-05-11,0.003051134618212936
2018-05-14,0.00047661605645377136
2018-05-15,-0.006887220230855862
2018-05-16,0.004205038255369109
2018-05-17,-0.0008445317033233257
2018-05-18,-0.002500287349116226
2018-05-21,0.007518514917208341
2018-05-22,-0.002779975211428587
2018-05-23,0.002751337709843815
2018-05-24,-0.0020488804239238156
2018-05-25,-0.0023826292077875344
2018-05-29,-0.011500841312421906
2018-05-30,0.013344637585566144
2018-05-31,-0.006125958889708238
2018-06-01,0.009817784184841472
2018-06-04,0.004751323647193217
2018-06-05,0.0007273515022170329
2018-06-06,0.008360728156928232
2018-06-07,-0.00010790104631563935
2018-06-08,0.0029564581969081516
2018-06-11,0.0013297173087463143
2018-06-12,0.0012925900144236113
2018-06-13,-0.003190777313547888
2018-06-14,0.002517319217234526
2018-06-15,-0.0012757776523455444
2018-06-18,-0.0020563142547677105
2018-06-19,-0.00383301445034423
2018-06-20,0.001705842214005493
2018-06-21,-0.006268687642935311
2018-06-22,0.001823090353702872
2018-06-25,-0.013612665417561898
2018-06-26,0.0022140546651145954
2018-06-27,-0.00828422018941255
2018-06-28,0.00571726373193604
2018-06-29,0.0014397360403339832
2018-07-02,0.0021378216809844197
2018-07-03,-0.00353128225154109
2018-07-05,0.00815822595404625
2018-07-06,0.008458145287431273
2018-07-09,0.009004187407691155
2018-07-10,0.0035985328285654816
2018-07-11,-0.007314435191004609
2018-07-12,0.009066042385718287
2018-07-13,0.0007873435769223391
2018-07-16,-0.0008940411454945174
2018-07-17,0.0040452941157962385
2018-07-18,0.0021035353810006097
2018-07-19,-0.0037714621249692604
2018-07-20,-0.0011426895138094695
2018-07-23,0.0018589870110614637
2018-07-24,0.005032426085261665
2018-07-25,0.008522366338681753
2018-07-26,-0.00235924321929204
2018-07-27,-0.006776229857891725
2018-07-30,-0.005223602228480506
2018-07-31,0.004929617696684874
2018-08-01,-0.0016707371728821307
2018-08-02,0.005447803749222491
2018-08-03,0.004284657598453201
2018-08-06,0.0036671911877539376
2018-08-07,0.003302193413510901
2018-08-08,-0.00041996240192909706
2018-08-09,-0.0013661908192266203
2018-08-10,-0.006700283049158706
2018-08-13,-0.0037431267975377436
2018-08-14,0.006380320288571717
2018-08-15,-0.00746710490970981
2018-08-16,0.008091537362741263
2018-08-17,0.003520373500319307
2018-08-20,0.0021393722484737143
2018-08-21,0.002346017242536025
2018-08-22,-0.0005942951875150815
2018-08-23,-0.0013279320725104737
2018-08-24,0.006018314853749818
2018-08-27,0.007896111587491372
2018-08-28,0.00048268604674528426
2018-08-29,0.00538093411161511
2018-08-30,-0.004048512618609279
2018-08-31,3.455153004505718e-05
2018-09-04,-0.0017222927080743355
2018-09-05,-0.0026913692074727047
2018-09-06,-0.003010127533001228
2018-09-07,-0.0019435132374925335
2018-09-10,0.0017387015857150967
2018-09-11,0.003297470113069245
2018-09-12,0.00024236999577498253
2018-09-13,0.005914481230652635
2018-09-14,0.00017149462962251505
2018-09-17,-0.005293973986817635
2018-09-18,0.005425790409338216
2018-09-19,0.0010656525629038072
2018-09-20,0.008103901895786914
2018-09-21,-0.0009133109523817851
2018-09-24,-0.0033222544512463426
2018-09-25,-0.0009270971283688034
2018-09-26,-0.0029927600909618324
2018-09-27,0.002794241065140257
2018-09-28,0.00010328510371482302
2018-10-01,0.003474388116665006
2018-10-02,-0.0005829211169878779
2018-10-03,0.000548778564612773
2018-10-04,-0.007815834805095179
2018-10-05,-0.0055969775467688
2018-10-08,0.0
2018-10-09,-0.001459575551185588
2018-10-10,-0.03166301965707918
2018-10-11,-0.02202646077664827
2018-10-12,0.013888117571942082
2018-10-15,-0.00561698870341476
2018-10-16,0.02186584181865392
2018-10-17,0.00017854066076927744
2018-10-18,-0.01444116532593398
2018-10-19,-0.0005425663843099393
2018-10-22,-0.004488710219336722
2018-10-23,-0.005090566403571861
2018-10-24,-0.030298620096558482
2018-10-25,0.01794006811790272
2018-10-26,-0.017587113887135963
2018-10-29,-0.005540296960227398
2018-10-30,0.01481837509722328
2018-10-31,0.010681050221259758
2018-11-01,0.010641962632807367
2018-11-02,-0.005922961109209091
2018-11-05,0.005516859900948967
2018-11-06,0.006327505732495853
2018-11-07,0.02140914176102804
2018-11-08,-0.0018149877399189496
2018-11-09,-0.009768098564318373
2018-11-12,-0.018685287345203694
2018-11-13,-0.0018709362416979847
2018-11-14,-0.00683682411909714
2018-11-15,0.010436663848726768
2018-11-16,0.0026008168429974
2018-11-19,-0.01691485661099912
2018-11-20,-0.018505989425804614
2018-11-21,0.003407729018604533
2018-11-23,-0.0066788281168118635
2018-11-26,0.016144288823737085
2018-11-27,0.0033644139325230693
2018-11-28,0.023025372315846226
2018-11-29,-0.002185150449345419
2018-11-30,0.006095463216004404
2018-12-03,0.013241189464533676
2018-12-04,-0.03240197396701694
2018-12-06,-0.001517583719770732
2018-12-07,-0.023235724014883163
2018-12-10,0.0018970679221788078
2018-12-11,0.00022706897354884958
2018-12-12,0.005035304944484897
2018-12-13,-0.00033904627820124933
2018-12-14,-0.01846469981576937
2018-12-17,-0.019618344504044427
2018-12-18,-0.0010967394173615475
2018-12-19,-0.01497538807872989
2018-12-20,-0.01627795534137455
2018-12-21,-0.02048956076217323
2018-12-24,-0.02642279951554627
2018-12-26,0.05052451848414141
2018-12-27,0.007677354078065246
2018-12-28,-0.0012899106503095892
2018-12-31,0.008758762463009218
2019-01-02,0.0010404649762563167
2019-01-03,-0.023862868734007003
2019-01-04,0.03349580994183077
2019-01-07,0.007884481858852377
2019-01-08,0.00939553078469424
2019-01-09,0.004673468670594705
2019-01-10,0.0035275594757859796
2019-01-11,0.00038642969598567944
